Timestamp,Time,Station,Status,num
1548439200,0200,27,0,1
1548439200,0200,27,1,0
1548439200,0200,5,0,0
1548439200,0200,5,1,0
1548439200,0200,23,0,0
1548439200,0200,23,1,0
1548439200,0200,3,0,0
1548439200,0200,3,1,0
1548439200,0200,4,0,0
1548439200,0200,4,1,0
1548439200,0200,20,0,0
1548439200,0200,20,1,0
1548439200,0200,55,0,0
1548439200,0200,55,1,0
1548439200,0200,77,0,0
1548439200,0200,77,1,0
1548439200,0200,50,0,0
1548439200,0200,50,1,0
1548439200,0200,41,0,0
1548439200,0200,41,1,0
1548439200,0200,40,0,0
1548439200,0200,40,1,0
1548439200,0200,61,0,0
1548439200,0200,61,1,0
1548439200,0200,31,0,0
1548439200,0200,31,1,0
1548439200,0200,6,0,0
1548439200,0200,6,1,0
1548439200,0200,32,0,0
1548439200,0200,32,1,0
1548439200,0200,14,0,0
1548439200,0200,14,1,0
1548439200,0200,15,0,0
1548439200,0200,15,1,0
1548439200,0200,37,0,0
1548439200,0200,37,1,0
1548439200,0200,57,0,0
1548439200,0200,57,1,0
1548439200,0200,42,0,0
1548439200,0200,42,1,0
1548439200,0200,59,0,0
1548439200,0200,59,1,0
1548439200,0200,43,0,0
1548439200,0200,43,1,0
1548439260,0201,27,0,0
1548439260,0201,27,1,0
1548439260,0201,5,0,1
1548439260,0201,5,1,1
1548439260,0201,23,0,0
1548439260,0201,23,1,0
1548439260,0201,3,0,0
1548439260,0201,3,1,0
1548439260,0201,4,0,0
1548439260,0201,4,1,0
1548439260,0201,20,0,0
1548439260,0201,20,1,0
1548439260,0201,55,0,0
1548439260,0201,55,1,0
1548439260,0201,77,0,0
1548439260,0201,77,1,0
1548439260,0201,50,0,0
1548439260,0201,50,1,0
1548439260,0201,41,0,0
1548439260,0201,41,1,0
1548439260,0201,40,0,0
1548439260,0201,40,1,0
1548439260,0201,61,0,0
1548439260,0201,61,1,0
1548439260,0201,31,0,0
1548439260,0201,31,1,0
1548439260,0201,6,0,0
1548439260,0201,6,1,0
1548439260,0201,32,0,0
1548439260,0201,32,1,0
1548439260,0201,14,0,0
1548439260,0201,14,1,0
1548439260,0201,15,0,0
1548439260,0201,15,1,0
1548439260,0201,37,0,0
1548439260,0201,37,1,0
1548439260,0201,57,0,0
1548439260,0201,57,1,0
1548439260,0201,42,0,0
1548439260,0201,42,1,0
1548439260,0201,59,0,0
1548439260,0201,59,1,0
1548439260,0201,43,0,0
1548439260,0201,43,1,0
1548439320,0202,27,0,0
1548439320,0202,27,1,0
1548439320,0202,5,0,1
1548439320,0202,5,1,0
1548439320,0202,23,0,0
1548439320,0202,23,1,0
1548439320,0202,3,0,0
1548439320,0202,3,1,0
1548439320,0202,4,0,0
1548439320,0202,4,1,0
1548439320,0202,20,0,0
1548439320,0202,20,1,0
1548439320,0202,55,0,0
1548439320,0202,55,1,0
1548439320,0202,77,0,0
1548439320,0202,77,1,0
1548439320,0202,50,0,0
1548439320,0202,50,1,0
1548439320,0202,41,0,0
1548439320,0202,41,1,0
1548439320,0202,40,0,0
1548439320,0202,40,1,0
1548439320,0202,61,0,0
1548439320,0202,61,1,0
1548439320,0202,31,0,0
1548439320,0202,31,1,0
1548439320,0202,6,0,0
1548439320,0202,6,1,0
1548439320,0202,32,0,0
1548439320,0202,32,1,0
1548439320,0202,14,0,0
1548439320,0202,14,1,0
1548439320,0202,15,0,0
1548439320,0202,15,1,0
1548439320,0202,37,0,0
1548439320,0202,37,1,0
1548439320,0202,57,0,0
1548439320,0202,57,1,0
1548439320,0202,42,0,0
1548439320,0202,42,1,0
1548439320,0202,59,0,0
1548439320,0202,59,1,0
1548439320,0202,43,0,0
1548439320,0202,43,1,0
1548439380,0203,27,0,0
1548439380,0203,27,1,0
1548439380,0203,5,0,0
1548439380,0203,5,1,0
1548439380,0203,23,0,1
1548439380,0203,23,1,0
1548439380,0203,3,0,0
1548439380,0203,3,1,0
1548439380,0203,4,0,0
1548439380,0203,4,1,0
1548439380,0203,20,0,0
1548439380,0203,20,1,0
1548439380,0203,55,0,0
1548439380,0203,55,1,0
1548439380,0203,77,0,0
1548439380,0203,77,1,0
1548439380,0203,50,0,0
1548439380,0203,50,1,0
1548439380,0203,41,0,0
1548439380,0203,41,1,0
1548439380,0203,40,0,0
1548439380,0203,40,1,0
1548439380,0203,61,0,0
1548439380,0203,61,1,0
1548439380,0203,31,0,0
1548439380,0203,31,1,0
1548439380,0203,6,0,0
1548439380,0203,6,1,0
1548439380,0203,32,0,0
1548439380,0203,32,1,0
1548439380,0203,14,0,0
1548439380,0203,14,1,0
1548439380,0203,15,0,0
1548439380,0203,15,1,0
1548439380,0203,37,0,0
1548439380,0203,37,1,0
1548439380,0203,57,0,0
1548439380,0203,57,1,0
1548439380,0203,42,0,0
1548439380,0203,42,1,0
1548439380,0203,59,0,0
1548439380,0203,59,1,0
1548439380,0203,43,0,0
1548439380,0203,43,1,0
1548439440,0204,27,0,0
1548439440,0204,27,1,1
1548439440,0204,5,0,0
1548439440,0204,5,1,0
1548439440,0204,23,0,0
1548439440,0204,23,1,0
1548439440,0204,3,0,1
1548439440,0204,3,1,0
1548439440,0204,4,0,0
1548439440,0204,4,1,0
1548439440,0204,20,0,0
1548439440,0204,20,1,0
1548439440,0204,55,0,0
1548439440,0204,55,1,0
1548439440,0204,77,0,0
1548439440,0204,77,1,0
1548439440,0204,50,0,0
1548439440,0204,50,1,0
1548439440,0204,41,0,0
1548439440,0204,41,1,0
1548439440,0204,40,0,0
1548439440,0204,40,1,0
1548439440,0204,61,0,0
1548439440,0204,61,1,0
1548439440,0204,31,0,0
1548439440,0204,31,1,0
1548439440,0204,6,0,0
1548439440,0204,6,1,0
1548439440,0204,32,0,0
1548439440,0204,32,1,0
1548439440,0204,14,0,0
1548439440,0204,14,1,0
1548439440,0204,15,0,0
1548439440,0204,15,1,0
1548439440,0204,37,0,0
1548439440,0204,37,1,0
1548439440,0204,57,0,0
1548439440,0204,57,1,0
1548439440,0204,42,0,0
1548439440,0204,42,1,0
1548439440,0204,59,0,0
1548439440,0204,59,1,0
1548439440,0204,43,0,0
1548439440,0204,43,1,0
1548439500,0205,27,0,0
1548439500,0205,27,1,0
1548439500,0205,5,0,0
1548439500,0205,5,1,1
1548439500,0205,23,0,1
1548439500,0205,23,1,0
1548439500,0205,3,0,0
1548439500,0205,3,1,0
1548439500,0205,4,0,1
1548439500,0205,4,1,0
1548439500,0205,20,0,0
1548439500,0205,20,1,2
1548439500,0205,55,0,0
1548439500,0205,55,1,0
1548439500,0205,77,0,0
1548439500,0205,77,1,0
1548439500,0205,50,0,0
1548439500,0205,50,1,0
1548439500,0205,41,0,0
1548439500,0205,41,1,0
1548439500,0205,40,0,0
1548439500,0205,40,1,0
1548439500,0205,61,0,0
1548439500,0205,61,1,0
1548439500,0205,31,0,0
1548439500,0205,31,1,0
1548439500,0205,6,0,0
1548439500,0205,6,1,0
1548439500,0205,32,0,0
1548439500,0205,32,1,0
1548439500,0205,14,0,0
1548439500,0205,14,1,0
1548439500,0205,15,0,0
1548439500,0205,15,1,0
1548439500,0205,37,0,0
1548439500,0205,37,1,0
1548439500,0205,57,0,0
1548439500,0205,57,1,0
1548439500,0205,42,0,0
1548439500,0205,42,1,0
1548439500,0205,59,0,0
1548439500,0205,59,1,0
1548439500,0205,43,0,0
1548439500,0205,43,1,0
1548439560,0206,27,0,0
1548439560,0206,27,1,0
1548439560,0206,5,0,1
1548439560,0206,5,1,0
1548439560,0206,23,0,0
1548439560,0206,23,1,0
1548439560,0206,3,0,0
1548439560,0206,3,1,0
1548439560,0206,4,0,0
1548439560,0206,4,1,0
1548439560,0206,20,0,0
1548439560,0206,20,1,0
1548439560,0206,55,0,0
1548439560,0206,55,1,1
1548439560,0206,77,0,0
1548439560,0206,77,1,1
1548439560,0206,50,0,0
1548439560,0206,50,1,0
1548439560,0206,41,0,0
1548439560,0206,41,1,0
1548439560,0206,40,0,0
1548439560,0206,40,1,0
1548439560,0206,61,0,0
1548439560,0206,61,1,0
1548439560,0206,31,0,0
1548439560,0206,31,1,0
1548439560,0206,6,0,0
1548439560,0206,6,1,0
1548439560,0206,32,0,0
1548439560,0206,32,1,0
1548439560,0206,14,0,0
1548439560,0206,14,1,0
1548439560,0206,15,0,0
1548439560,0206,15,1,0
1548439560,0206,37,0,0
1548439560,0206,37,1,0
1548439560,0206,57,0,0
1548439560,0206,57,1,0
1548439560,0206,42,0,0
1548439560,0206,42,1,0
1548439560,0206,59,0,0
1548439560,0206,59,1,0
1548439560,0206,43,0,0
1548439560,0206,43,1,0
1548439620,0207,27,0,0
1548439620,0207,27,1,0
1548439620,0207,5,0,0
1548439620,0207,5,1,0
1548439620,0207,23,0,0
1548439620,0207,23,1,0
1548439620,0207,3,0,0
1548439620,0207,3,1,0
1548439620,0207,4,0,0
1548439620,0207,4,1,0
1548439620,0207,20,0,0
1548439620,0207,20,1,0
1548439620,0207,55,0,0
1548439620,0207,55,1,0
1548439620,0207,77,0,0
1548439620,0207,77,1,0
1548439620,0207,50,0,0
1548439620,0207,50,1,1
1548439620,0207,41,0,0
1548439620,0207,41,1,1
1548439620,0207,40,0,0
1548439620,0207,40,1,1
1548439620,0207,61,0,0
1548439620,0207,61,1,0
1548439620,0207,31,0,0
1548439620,0207,31,1,0
1548439620,0207,6,0,0
1548439620,0207,6,1,0
1548439620,0207,32,0,0
1548439620,0207,32,1,0
1548439620,0207,14,0,0
1548439620,0207,14,1,0
1548439620,0207,15,0,0
1548439620,0207,15,1,0
1548439620,0207,37,0,0
1548439620,0207,37,1,0
1548439620,0207,57,0,0
1548439620,0207,57,1,0
1548439620,0207,42,0,0
1548439620,0207,42,1,0
1548439620,0207,59,0,0
1548439620,0207,59,1,0
1548439620,0207,43,0,0
1548439620,0207,43,1,0
1548439680,0208,27,0,0
1548439680,0208,27,1,0
1548439680,0208,5,0,0
1548439680,0208,5,1,0
1548439680,0208,23,0,0
1548439680,0208,23,1,0
1548439680,0208,3,0,0
1548439680,0208,3,1,0
1548439680,0208,4,0,0
1548439680,0208,4,1,0
1548439680,0208,20,0,0
1548439680,0208,20,1,0
1548439680,0208,55,0,0
1548439680,0208,55,1,0
1548439680,0208,77,0,0
1548439680,0208,77,1,0
1548439680,0208,50,0,0
1548439680,0208,50,1,0
1548439680,0208,41,0,1
1548439680,0208,41,1,0
1548439680,0208,40,0,0
1548439680,0208,40,1,0
1548439680,0208,61,0,0
1548439680,0208,61,1,0
1548439680,0208,31,0,0
1548439680,0208,31,1,0
1548439680,0208,6,0,0
1548439680,0208,6,1,0
1548439680,0208,32,0,0
1548439680,0208,32,1,0
1548439680,0208,14,0,0
1548439680,0208,14,1,0
1548439680,0208,15,0,0
1548439680,0208,15,1,0
1548439680,0208,37,0,0
1548439680,0208,37,1,0
1548439680,0208,57,0,0
1548439680,0208,57,1,0
1548439680,0208,42,0,0
1548439680,0208,42,1,0
1548439680,0208,59,0,0
1548439680,0208,59,1,0
1548439680,0208,43,0,0
1548439680,0208,43,1,0
1548439740,0209,27,0,0
1548439740,0209,27,1,0
1548439740,0209,5,0,0
1548439740,0209,5,1,0
1548439740,0209,23,0,0
1548439740,0209,23,1,0
1548439740,0209,3,0,0
1548439740,0209,3,1,0
1548439740,0209,4,0,0
1548439740,0209,4,1,0
1548439740,0209,20,0,0
1548439740,0209,20,1,0
1548439740,0209,55,0,0
1548439740,0209,55,1,0
1548439740,0209,77,0,1
1548439740,0209,77,1,0
1548439740,0209,50,0,0
1548439740,0209,50,1,0
1548439740,0209,41,0,0
1548439740,0209,41,1,0
1548439740,0209,40,0,0
1548439740,0209,40,1,0
1548439740,0209,61,0,0
1548439740,0209,61,1,0
1548439740,0209,31,0,0
1548439740,0209,31,1,0
1548439740,0209,6,0,0
1548439740,0209,6,1,0
1548439740,0209,32,0,0
1548439740,0209,32,1,0
1548439740,0209,14,0,0
1548439740,0209,14,1,0
1548439740,0209,15,0,0
1548439740,0209,15,1,0
1548439740,0209,37,0,0
1548439740,0209,37,1,0
1548439740,0209,57,0,0
1548439740,0209,57,1,0
1548439740,0209,42,0,0
1548439740,0209,42,1,0
1548439740,0209,59,0,0
1548439740,0209,59,1,0
1548439740,0209,43,0,0
1548439740,0209,43,1,0
1548439800,0210,27,0,0
1548439800,0210,27,1,0
1548439800,0210,5,0,0
1548439800,0210,5,1,0
1548439800,0210,23,0,0
1548439800,0210,23,1,0
1548439800,0210,3,0,0
1548439800,0210,3,1,0
1548439800,0210,4,0,0
1548439800,0210,4,1,0
1548439800,0210,20,0,0
1548439800,0210,20,1,0
1548439800,0210,55,0,1
1548439800,0210,55,1,0
1548439800,0210,77,0,0
1548439800,0210,77,1,0
1548439800,0210,50,0,1
1548439800,0210,50,1,0
1548439800,0210,41,0,0
1548439800,0210,41,1,0
1548439800,0210,40,0,0
1548439800,0210,40,1,0
1548439800,0210,61,0,0
1548439800,0210,61,1,0
1548439800,0210,31,0,0
1548439800,0210,31,1,0
1548439800,0210,6,0,0
1548439800,0210,6,1,0
1548439800,0210,32,0,0
1548439800,0210,32,1,0
1548439800,0210,14,0,0
1548439800,0210,14,1,0
1548439800,0210,15,0,0
1548439800,0210,15,1,0
1548439800,0210,37,0,0
1548439800,0210,37,1,0
1548439800,0210,57,0,0
1548439800,0210,57,1,0
1548439800,0210,42,0,0
1548439800,0210,42,1,0
1548439800,0210,59,0,0
1548439800,0210,59,1,0
1548439800,0210,43,0,0
1548439800,0210,43,1,0
1548439860,0211,27,0,0
1548439860,0211,27,1,0
1548439860,0211,5,0,0
1548439860,0211,5,1,0
1548439860,0211,23,0,0
1548439860,0211,23,1,0
1548439860,0211,3,0,0
1548439860,0211,3,1,0
1548439860,0211,4,0,0
1548439860,0211,4,1,0
1548439860,0211,20,0,0
1548439860,0211,20,1,0
1548439860,0211,55,0,0
1548439860,0211,55,1,0
1548439860,0211,77,0,0
1548439860,0211,77,1,0
1548439860,0211,50,0,0
1548439860,0211,50,1,0
1548439860,0211,41,0,0
1548439860,0211,41,1,0
1548439860,0211,40,0,0
1548439860,0211,40,1,0
1548439860,0211,61,0,0
1548439860,0211,61,1,1
1548439860,0211,31,0,0
1548439860,0211,31,1,0
1548439860,0211,6,0,0
1548439860,0211,6,1,0
1548439860,0211,32,0,0
1548439860,0211,32,1,0
1548439860,0211,14,0,0
1548439860,0211,14,1,0
1548439860,0211,15,0,0
1548439860,0211,15,1,0
1548439860,0211,37,0,0
1548439860,0211,37,1,0
1548439860,0211,57,0,0
1548439860,0211,57,1,0
1548439860,0211,42,0,0
1548439860,0211,42,1,0
1548439860,0211,59,0,0
1548439860,0211,59,1,0
1548439860,0211,43,0,0
1548439860,0211,43,1,0
1548439980,0213,27,0,0
1548439980,0213,27,1,0
1548439980,0213,5,0,0
1548439980,0213,5,1,0
1548439980,0213,23,0,0
1548439980,0213,23,1,0
1548439980,0213,3,0,0
1548439980,0213,3,1,0
1548439980,0213,4,0,0
1548439980,0213,4,1,0
1548439980,0213,20,0,0
1548439980,0213,20,1,0
1548439980,0213,55,0,0
1548439980,0213,55,1,0
1548439980,0213,77,0,0
1548439980,0213,77,1,0
1548439980,0213,50,0,0
1548439980,0213,50,1,0
1548439980,0213,41,0,0
1548439980,0213,41,1,0
1548439980,0213,40,0,0
1548439980,0213,40,1,0
1548439980,0213,61,0,0
1548439980,0213,61,1,1
1548439980,0213,31,0,0
1548439980,0213,31,1,0
1548439980,0213,6,0,0
1548439980,0213,6,1,0
1548439980,0213,32,0,0
1548439980,0213,32,1,0
1548439980,0213,14,0,0
1548439980,0213,14,1,0
1548439980,0213,15,0,0
1548439980,0213,15,1,0
1548439980,0213,37,0,0
1548439980,0213,37,1,0
1548439980,0213,57,0,0
1548439980,0213,57,1,0
1548439980,0213,42,0,0
1548439980,0213,42,1,0
1548439980,0213,59,0,0
1548439980,0213,59,1,0
1548439980,0213,43,0,0
1548439980,0213,43,1,0
1548440040,0214,27,0,0
1548440040,0214,27,1,0
1548440040,0214,5,0,0
1548440040,0214,5,1,0
1548440040,0214,23,0,0
1548440040,0214,23,1,0
1548440040,0214,3,0,0
1548440040,0214,3,1,0
1548440040,0214,4,0,0
1548440040,0214,4,1,0
1548440040,0214,20,0,0
1548440040,0214,20,1,0
1548440040,0214,55,0,0
1548440040,0214,55,1,0
1548440040,0214,77,0,0
1548440040,0214,77,1,0
1548440040,0214,50,0,0
1548440040,0214,50,1,0
1548440040,0214,41,0,0
1548440040,0214,41,1,0
1548440040,0214,40,0,0
1548440040,0214,40,1,0
1548440040,0214,61,0,1
1548440040,0214,61,1,0
1548440040,0214,31,0,0
1548440040,0214,31,1,0
1548440040,0214,6,0,0
1548440040,0214,6,1,0
1548440040,0214,32,0,0
1548440040,0214,32,1,0
1548440040,0214,14,0,0
1548440040,0214,14,1,0
1548440040,0214,15,0,0
1548440040,0214,15,1,0
1548440040,0214,37,0,0
1548440040,0214,37,1,0
1548440040,0214,57,0,0
1548440040,0214,57,1,0
1548440040,0214,42,0,0
1548440040,0214,42,1,0
1548440040,0214,59,0,0
1548440040,0214,59,1,0
1548440040,0214,43,0,0
1548440040,0214,43,1,0
1548440160,0216,27,0,0
1548440160,0216,27,1,0
1548440160,0216,5,0,0
1548440160,0216,5,1,0
1548440160,0216,23,0,0
1548440160,0216,23,1,0
1548440160,0216,3,0,0
1548440160,0216,3,1,0
1548440160,0216,4,0,0
1548440160,0216,4,1,0
1548440160,0216,20,0,0
1548440160,0216,20,1,0
1548440160,0216,55,0,0
1548440160,0216,55,1,1
1548440160,0216,77,0,0
1548440160,0216,77,1,0
1548440160,0216,50,0,0
1548440160,0216,50,1,0
1548440160,0216,41,0,0
1548440160,0216,41,1,0
1548440160,0216,40,0,0
1548440160,0216,40,1,0
1548440160,0216,61,0,0
1548440160,0216,61,1,0
1548440160,0216,31,0,0
1548440160,0216,31,1,2
1548440160,0216,6,0,0
1548440160,0216,6,1,0
1548440160,0216,32,0,0
1548440160,0216,32,1,0
1548440160,0216,14,0,0
1548440160,0216,14,1,0
1548440160,0216,15,0,0
1548440160,0216,15,1,0
1548440160,0216,37,0,0
1548440160,0216,37,1,0
1548440160,0216,57,0,0
1548440160,0216,57,1,0
1548440160,0216,42,0,0
1548440160,0216,42,1,0
1548440160,0216,59,0,0
1548440160,0216,59,1,0
1548440160,0216,43,0,0
1548440160,0216,43,1,0
1548440220,0217,27,0,0
1548440220,0217,27,1,0
1548440220,0217,5,0,0
1548440220,0217,5,1,0
1548440220,0217,23,0,0
1548440220,0217,23,1,0
1548440220,0217,3,0,0
1548440220,0217,3,1,0
1548440220,0217,4,0,0
1548440220,0217,4,1,0
1548440220,0217,20,0,0
1548440220,0217,20,1,0
1548440220,0217,55,0,1
1548440220,0217,55,1,0
1548440220,0217,77,0,0
1548440220,0217,77,1,0
1548440220,0217,50,0,0
1548440220,0217,50,1,0
1548440220,0217,41,0,0
1548440220,0217,41,1,0
1548440220,0217,40,0,0
1548440220,0217,40,1,0
1548440220,0217,61,0,0
1548440220,0217,61,1,0
1548440220,0217,31,0,0
1548440220,0217,31,1,2
1548440220,0217,6,0,0
1548440220,0217,6,1,0
1548440220,0217,32,0,0
1548440220,0217,32,1,0
1548440220,0217,14,0,0
1548440220,0217,14,1,0
1548440220,0217,15,0,0
1548440220,0217,15,1,0
1548440220,0217,37,0,0
1548440220,0217,37,1,0
1548440220,0217,57,0,0
1548440220,0217,57,1,0
1548440220,0217,42,0,0
1548440220,0217,42,1,0
1548440220,0217,59,0,0
1548440220,0217,59,1,0
1548440220,0217,43,0,0
1548440220,0217,43,1,0
1548440280,0218,27,0,0
1548440280,0218,27,1,0
1548440280,0218,5,0,0
1548440280,0218,5,1,0
1548440280,0218,23,0,0
1548440280,0218,23,1,0
1548440280,0218,3,0,0
1548440280,0218,3,1,0
1548440280,0218,4,0,0
1548440280,0218,4,1,0
1548440280,0218,20,0,0
1548440280,0218,20,1,0
1548440280,0218,55,0,0
1548440280,0218,55,1,0
1548440280,0218,77,0,0
1548440280,0218,77,1,0
1548440280,0218,50,0,0
1548440280,0218,50,1,0
1548440280,0218,41,0,0
1548440280,0218,41,1,0
1548440280,0218,40,0,1
1548440280,0218,40,1,0
1548440280,0218,61,0,0
1548440280,0218,61,1,0
1548440280,0218,31,0,0
1548440280,0218,31,1,0
1548440280,0218,6,0,0
1548440280,0218,6,1,0
1548440280,0218,32,0,0
1548440280,0218,32,1,0
1548440280,0218,14,0,0
1548440280,0218,14,1,0
1548440280,0218,15,0,0
1548440280,0218,15,1,0
1548440280,0218,37,0,0
1548440280,0218,37,1,0
1548440280,0218,57,0,0
1548440280,0218,57,1,0
1548440280,0218,42,0,0
1548440280,0218,42,1,0
1548440280,0218,59,0,0
1548440280,0218,59,1,0
1548440280,0218,43,0,0
1548440280,0218,43,1,0
1548440340,0219,27,0,0
1548440340,0219,27,1,0
1548440340,0219,5,0,0
1548440340,0219,5,1,0
1548440340,0219,23,0,0
1548440340,0219,23,1,0
1548440340,0219,3,0,0
1548440340,0219,3,1,0
1548440340,0219,4,0,0
1548440340,0219,4,1,0
1548440340,0219,20,0,0
1548440340,0219,20,1,0
1548440340,0219,55,0,0
1548440340,0219,55,1,0
1548440340,0219,77,0,0
1548440340,0219,77,1,0
1548440340,0219,50,0,0
1548440340,0219,50,1,0
1548440340,0219,41,0,0
1548440340,0219,41,1,0
1548440340,0219,40,0,0
1548440340,0219,40,1,0
1548440340,0219,61,0,1
1548440340,0219,61,1,0
1548440340,0219,31,0,1
1548440340,0219,31,1,0
1548440340,0219,6,0,0
1548440340,0219,6,1,1
1548440340,0219,32,0,0
1548440340,0219,32,1,0
1548440340,0219,14,0,0
1548440340,0219,14,1,0
1548440340,0219,15,0,0
1548440340,0219,15,1,0
1548440340,0219,37,0,0
1548440340,0219,37,1,0
1548440340,0219,57,0,0
1548440340,0219,57,1,0
1548440340,0219,42,0,0
1548440340,0219,42,1,0
1548440340,0219,59,0,0
1548440340,0219,59,1,0
1548440340,0219,43,0,0
1548440340,0219,43,1,0
1548440460,0221,27,0,0
1548440460,0221,27,1,0
1548440460,0221,5,0,0
1548440460,0221,5,1,0
1548440460,0221,23,0,0
1548440460,0221,23,1,0
1548440460,0221,3,0,0
1548440460,0221,3,1,0
1548440460,0221,4,0,0
1548440460,0221,4,1,0
1548440460,0221,20,0,0
1548440460,0221,20,1,0
1548440460,0221,55,0,0
1548440460,0221,55,1,0
1548440460,0221,77,0,0
1548440460,0221,77,1,0
1548440460,0221,50,0,0
1548440460,0221,50,1,4
1548440460,0221,41,0,0
1548440460,0221,41,1,0
1548440460,0221,40,0,0
1548440460,0221,40,1,0
1548440460,0221,61,0,0
1548440460,0221,61,1,0
1548440460,0221,31,0,0
1548440460,0221,31,1,0
1548440460,0221,6,0,0
1548440460,0221,6,1,0
1548440460,0221,32,0,0
1548440460,0221,32,1,0
1548440460,0221,14,0,0
1548440460,0221,14,1,0
1548440460,0221,15,0,0
1548440460,0221,15,1,0
1548440460,0221,37,0,0
1548440460,0221,37,1,0
1548440460,0221,57,0,0
1548440460,0221,57,1,0
1548440460,0221,42,0,0
1548440460,0221,42,1,0
1548440460,0221,59,0,0
1548440460,0221,59,1,0
1548440460,0221,43,0,0
1548440460,0221,43,1,0
1548440520,0222,27,0,0
1548440520,0222,27,1,0
1548440520,0222,5,0,0
1548440520,0222,5,1,0
1548440520,0222,23,0,0
1548440520,0222,23,1,0
1548440520,0222,3,0,0
1548440520,0222,3,1,0
1548440520,0222,4,0,0
1548440520,0222,4,1,0
1548440520,0222,20,0,0
1548440520,0222,20,1,0
1548440520,0222,55,0,0
1548440520,0222,55,1,0
1548440520,0222,77,0,0
1548440520,0222,77,1,0
1548440520,0222,50,0,0
1548440520,0222,50,1,0
1548440520,0222,41,0,0
1548440520,0222,41,1,0
1548440520,0222,40,0,0
1548440520,0222,40,1,0
1548440520,0222,61,0,0
1548440520,0222,61,1,0
1548440520,0222,31,0,0
1548440520,0222,31,1,0
1548440520,0222,6,0,1
1548440520,0222,6,1,0
1548440520,0222,32,0,0
1548440520,0222,32,1,1
1548440520,0222,14,0,0
1548440520,0222,14,1,0
1548440520,0222,15,0,0
1548440520,0222,15,1,0
1548440520,0222,37,0,0
1548440520,0222,37,1,0
1548440520,0222,57,0,0
1548440520,0222,57,1,0
1548440520,0222,42,0,0
1548440520,0222,42,1,0
1548440520,0222,59,0,0
1548440520,0222,59,1,0
1548440520,0222,43,0,0
1548440520,0222,43,1,0
1548440580,0223,27,0,0
1548440580,0223,27,1,0
1548440580,0223,5,0,0
1548440580,0223,5,1,0
1548440580,0223,23,0,0
1548440580,0223,23,1,0
1548440580,0223,3,0,0
1548440580,0223,3,1,0
1548440580,0223,4,0,0
1548440580,0223,4,1,0
1548440580,0223,20,0,0
1548440580,0223,20,1,0
1548440580,0223,55,0,0
1548440580,0223,55,1,0
1548440580,0223,77,0,0
1548440580,0223,77,1,0
1548440580,0223,50,0,0
1548440580,0223,50,1,0
1548440580,0223,41,0,0
1548440580,0223,41,1,0
1548440580,0223,40,0,0
1548440580,0223,40,1,0
1548440580,0223,61,0,0
1548440580,0223,61,1,0
1548440580,0223,31,0,0
1548440580,0223,31,1,1
1548440580,0223,6,0,0
1548440580,0223,6,1,0
1548440580,0223,32,0,0
1548440580,0223,32,1,0
1548440580,0223,14,0,0
1548440580,0223,14,1,0
1548440580,0223,15,0,0
1548440580,0223,15,1,0
1548440580,0223,37,0,0
1548440580,0223,37,1,0
1548440580,0223,57,0,0
1548440580,0223,57,1,0
1548440580,0223,42,0,0
1548440580,0223,42,1,0
1548440580,0223,59,0,0
1548440580,0223,59,1,0
1548440580,0223,43,0,0
1548440580,0223,43,1,0
1548440640,0224,27,0,0
1548440640,0224,27,1,0
1548440640,0224,5,0,0
1548440640,0224,5,1,0
1548440640,0224,23,0,0
1548440640,0224,23,1,0
1548440640,0224,3,0,0
1548440640,0224,3,1,0
1548440640,0224,4,0,0
1548440640,0224,4,1,0
1548440640,0224,20,0,0
1548440640,0224,20,1,0
1548440640,0224,55,0,0
1548440640,0224,55,1,0
1548440640,0224,77,0,0
1548440640,0224,77,1,0
1548440640,0224,50,0,0
1548440640,0224,50,1,0
1548440640,0224,41,0,0
1548440640,0224,41,1,0
1548440640,0224,40,0,0
1548440640,0224,40,1,0
1548440640,0224,61,0,0
1548440640,0224,61,1,0
1548440640,0224,31,0,0
1548440640,0224,31,1,0
1548440640,0224,6,0,0
1548440640,0224,6,1,0
1548440640,0224,32,0,1
1548440640,0224,32,1,0
1548440640,0224,14,0,0
1548440640,0224,14,1,0
1548440640,0224,15,0,0
1548440640,0224,15,1,0
1548440640,0224,37,0,0
1548440640,0224,37,1,0
1548440640,0224,57,0,0
1548440640,0224,57,1,0
1548440640,0224,42,0,0
1548440640,0224,42,1,0
1548440640,0224,59,0,0
1548440640,0224,59,1,0
1548440640,0224,43,0,0
1548440640,0224,43,1,0
1548440700,0225,27,0,0
1548440700,0225,27,1,0
1548440700,0225,5,0,0
1548440700,0225,5,1,0
1548440700,0225,23,0,0
1548440700,0225,23,1,0
1548440700,0225,3,0,0
1548440700,0225,3,1,0
1548440700,0225,4,0,0
1548440700,0225,4,1,0
1548440700,0225,20,0,0
1548440700,0225,20,1,0
1548440700,0225,55,0,0
1548440700,0225,55,1,0
1548440700,0225,77,0,0
1548440700,0225,77,1,0
1548440700,0225,50,0,0
1548440700,0225,50,1,0
1548440700,0225,41,0,0
1548440700,0225,41,1,0
1548440700,0225,40,0,0
1548440700,0225,40,1,0
1548440700,0225,61,0,0
1548440700,0225,61,1,0
1548440700,0225,31,0,1
1548440700,0225,31,1,0
1548440700,0225,6,0,0
1548440700,0225,6,1,0
1548440700,0225,32,0,0
1548440700,0225,32,1,0
1548440700,0225,14,0,0
1548440700,0225,14,1,0
1548440700,0225,15,0,0
1548440700,0225,15,1,0
1548440700,0225,37,0,0
1548440700,0225,37,1,0
1548440700,0225,57,0,0
1548440700,0225,57,1,0
1548440700,0225,42,0,0
1548440700,0225,42,1,0
1548440700,0225,59,0,0
1548440700,0225,59,1,0
1548440700,0225,43,0,0
1548440700,0225,43,1,0
1548440880,0228,27,0,0
1548440880,0228,27,1,0
1548440880,0228,5,0,0
1548440880,0228,5,1,0
1548440880,0228,23,0,0
1548440880,0228,23,1,0
1548440880,0228,3,0,0
1548440880,0228,3,1,0
1548440880,0228,4,0,0
1548440880,0228,4,1,0
1548440880,0228,20,0,0
1548440880,0228,20,1,0
1548440880,0228,55,0,0
1548440880,0228,55,1,0
1548440880,0228,77,0,0
1548440880,0228,77,1,0
1548440880,0228,50,0,0
1548440880,0228,50,1,0
1548440880,0228,41,0,0
1548440880,0228,41,1,0
1548440880,0228,40,0,0
1548440880,0228,40,1,0
1548440880,0228,61,0,0
1548440880,0228,61,1,0
1548440880,0228,31,0,0
1548440880,0228,31,1,0
1548440880,0228,6,0,0
1548440880,0228,6,1,0
1548440880,0228,32,0,0
1548440880,0228,32,1,0
1548440880,0228,14,0,0
1548440880,0228,14,1,1
1548440880,0228,15,0,0
1548440880,0228,15,1,0
1548440880,0228,37,0,0
1548440880,0228,37,1,0
1548440880,0228,57,0,0
1548440880,0228,57,1,0
1548440880,0228,42,0,0
1548440880,0228,42,1,0
1548440880,0228,59,0,0
1548440880,0228,59,1,0
1548440880,0228,43,0,0
1548440880,0228,43,1,0
1548440940,0229,27,0,0
1548440940,0229,27,1,0
1548440940,0229,5,0,0
1548440940,0229,5,1,0
1548440940,0229,23,0,0
1548440940,0229,23,1,0
1548440940,0229,3,0,0
1548440940,0229,3,1,0
1548440940,0229,4,0,0
1548440940,0229,4,1,0
1548440940,0229,20,0,1
1548440940,0229,20,1,0
1548440940,0229,55,0,0
1548440940,0229,55,1,0
1548440940,0229,77,0,0
1548440940,0229,77,1,0
1548440940,0229,50,0,0
1548440940,0229,50,1,0
1548440940,0229,41,0,0
1548440940,0229,41,1,0
1548440940,0229,40,0,0
1548440940,0229,40,1,0
1548440940,0229,61,0,0
1548440940,0229,61,1,0
1548440940,0229,31,0,0
1548440940,0229,31,1,0
1548440940,0229,6,0,0
1548440940,0229,6,1,0
1548440940,0229,32,0,0
1548440940,0229,32,1,0
1548440940,0229,14,0,1
1548440940,0229,14,1,0
1548440940,0229,15,0,0
1548440940,0229,15,1,0
1548440940,0229,37,0,0
1548440940,0229,37,1,0
1548440940,0229,57,0,0
1548440940,0229,57,1,0
1548440940,0229,42,0,0
1548440940,0229,42,1,0
1548440940,0229,59,0,0
1548440940,0229,59,1,0
1548440940,0229,43,0,0
1548440940,0229,43,1,0
1548441000,0230,27,0,0
1548441000,0230,27,1,0
1548441000,0230,5,0,0
1548441000,0230,5,1,0
1548441000,0230,23,0,0
1548441000,0230,23,1,0
1548441000,0230,3,0,0
1548441000,0230,3,1,0
1548441000,0230,4,0,0
1548441000,0230,4,1,0
1548441000,0230,20,0,0
1548441000,0230,20,1,0
1548441000,0230,55,0,0
1548441000,0230,55,1,0
1548441000,0230,77,0,0
1548441000,0230,77,1,0
1548441000,0230,50,0,0
1548441000,0230,50,1,0
1548441000,0230,41,0,0
1548441000,0230,41,1,0
1548441000,0230,40,0,0
1548441000,0230,40,1,0
1548441000,0230,61,0,0
1548441000,0230,61,1,0
1548441000,0230,31,0,0
1548441000,0230,31,1,0
1548441000,0230,6,0,0
1548441000,0230,6,1,0
1548441000,0230,32,0,0
1548441000,0230,32,1,0
1548441000,0230,14,0,0
1548441000,0230,14,1,0
1548441000,0230,15,0,1
1548441000,0230,15,1,0
1548441000,0230,37,0,0
1548441000,0230,37,1,0
1548441000,0230,57,0,0
1548441000,0230,57,1,0
1548441000,0230,42,0,0
1548441000,0230,42,1,0
1548441000,0230,59,0,0
1548441000,0230,59,1,0
1548441000,0230,43,0,0
1548441000,0230,43,1,0
1548441060,0231,27,0,0
1548441060,0231,27,1,0
1548441060,0231,5,0,0
1548441060,0231,5,1,0
1548441060,0231,23,0,0
1548441060,0231,23,1,0
1548441060,0231,3,0,0
1548441060,0231,3,1,0
1548441060,0231,4,0,0
1548441060,0231,4,1,0
1548441060,0231,20,0,0
1548441060,0231,20,1,0
1548441060,0231,55,0,0
1548441060,0231,55,1,0
1548441060,0231,77,0,0
1548441060,0231,77,1,0
1548441060,0231,50,0,0
1548441060,0231,50,1,0
1548441060,0231,41,0,0
1548441060,0231,41,1,0
1548441060,0231,40,0,0
1548441060,0231,40,1,0
1548441060,0231,61,0,0
1548441060,0231,61,1,0
1548441060,0231,31,0,0
1548441060,0231,31,1,0
1548441060,0231,6,0,0
1548441060,0231,6,1,0
1548441060,0231,32,0,0
1548441060,0231,32,1,0
1548441060,0231,14,0,0
1548441060,0231,14,1,0
1548441060,0231,15,0,0
1548441060,0231,15,1,0
1548441060,0231,37,0,0
1548441060,0231,37,1,1
1548441060,0231,57,0,0
1548441060,0231,57,1,0
1548441060,0231,42,0,0
1548441060,0231,42,1,0
1548441060,0231,59,0,0
1548441060,0231,59,1,0
1548441060,0231,43,0,0
1548441060,0231,43,1,0
1548441180,0233,27,0,0
1548441180,0233,27,1,0
1548441180,0233,5,0,0
1548441180,0233,5,1,0
1548441180,0233,23,0,0
1548441180,0233,23,1,0
1548441180,0233,3,0,0
1548441180,0233,3,1,0
1548441180,0233,4,0,0
1548441180,0233,4,1,0
1548441180,0233,20,0,0
1548441180,0233,20,1,0
1548441180,0233,55,0,0
1548441180,0233,55,1,0
1548441180,0233,77,0,0
1548441180,0233,77,1,0
1548441180,0233,50,0,0
1548441180,0233,50,1,0
1548441180,0233,41,0,0
1548441180,0233,41,1,0
1548441180,0233,40,0,0
1548441180,0233,40,1,0
1548441180,0233,61,0,0
1548441180,0233,61,1,0
1548441180,0233,31,0,0
1548441180,0233,31,1,0
1548441180,0233,6,0,0
1548441180,0233,6,1,0
1548441180,0233,32,0,0
1548441180,0233,32,1,0
1548441180,0233,14,0,0
1548441180,0233,14,1,0
1548441180,0233,15,0,0
1548441180,0233,15,1,1
1548441180,0233,37,0,0
1548441180,0233,37,1,0
1548441180,0233,57,0,0
1548441180,0233,57,1,0
1548441180,0233,42,0,0
1548441180,0233,42,1,0
1548441180,0233,59,0,0
1548441180,0233,59,1,0
1548441180,0233,43,0,0
1548441180,0233,43,1,0
1548441300,0235,27,0,0
1548441300,0235,27,1,0
1548441300,0235,5,0,0
1548441300,0235,5,1,0
1548441300,0235,23,0,0
1548441300,0235,23,1,0
1548441300,0235,3,0,0
1548441300,0235,3,1,0
1548441300,0235,4,0,0
1548441300,0235,4,1,0
1548441300,0235,20,0,0
1548441300,0235,20,1,0
1548441300,0235,55,0,0
1548441300,0235,55,1,0
1548441300,0235,77,0,0
1548441300,0235,77,1,0
1548441300,0235,50,0,0
1548441300,0235,50,1,0
1548441300,0235,41,0,0
1548441300,0235,41,1,0
1548441300,0235,40,0,0
1548441300,0235,40,1,0
1548441300,0235,61,0,0
1548441300,0235,61,1,0
1548441300,0235,31,0,0
1548441300,0235,31,1,0
1548441300,0235,6,0,0
1548441300,0235,6,1,0
1548441300,0235,32,0,0
1548441300,0235,32,1,0
1548441300,0235,14,0,0
1548441300,0235,14,1,0
1548441300,0235,15,0,0
1548441300,0235,15,1,0
1548441300,0235,37,0,0
1548441300,0235,37,1,0
1548441300,0235,57,0,0
1548441300,0235,57,1,2
1548441300,0235,42,0,0
1548441300,0235,42,1,0
1548441300,0235,59,0,0
1548441300,0235,59,1,0
1548441300,0235,43,0,0
1548441300,0235,43,1,0
1548441420,0237,27,0,0
1548441420,0237,27,1,0
1548441420,0237,5,0,0
1548441420,0237,5,1,0
1548441420,0237,23,0,0
1548441420,0237,23,1,0
1548441420,0237,3,0,0
1548441420,0237,3,1,0
1548441420,0237,4,0,0
1548441420,0237,4,1,0
1548441420,0237,20,0,0
1548441420,0237,20,1,0
1548441420,0237,55,0,0
1548441420,0237,55,1,0
1548441420,0237,77,0,0
1548441420,0237,77,1,0
1548441420,0237,50,0,0
1548441420,0237,50,1,0
1548441420,0237,41,0,0
1548441420,0237,41,1,1
1548441420,0237,40,0,0
1548441420,0237,40,1,0
1548441420,0237,61,0,0
1548441420,0237,61,1,0
1548441420,0237,31,0,0
1548441420,0237,31,1,0
1548441420,0237,6,0,0
1548441420,0237,6,1,0
1548441420,0237,32,0,0
1548441420,0237,32,1,0
1548441420,0237,14,0,0
1548441420,0237,14,1,0
1548441420,0237,15,0,0
1548441420,0237,15,1,0
1548441420,0237,37,0,1
1548441420,0237,37,1,0
1548441420,0237,57,0,0
1548441420,0237,57,1,0
1548441420,0237,42,0,0
1548441420,0237,42,1,0
1548441420,0237,59,0,0
1548441420,0237,59,1,0
1548441420,0237,43,0,0
1548441420,0237,43,1,0
1548441480,0238,27,0,0
1548441480,0238,27,1,0
1548441480,0238,5,0,0
1548441480,0238,5,1,0
1548441480,0238,23,0,0
1548441480,0238,23,1,0
1548441480,0238,3,0,0
1548441480,0238,3,1,0
1548441480,0238,4,0,0
1548441480,0238,4,1,0
1548441480,0238,20,0,0
1548441480,0238,20,1,0
1548441480,0238,55,0,0
1548441480,0238,55,1,0
1548441480,0238,77,0,0
1548441480,0238,77,1,1
1548441480,0238,50,0,0
1548441480,0238,50,1,0
1548441480,0238,41,0,0
1548441480,0238,41,1,0
1548441480,0238,40,0,0
1548441480,0238,40,1,0
1548441480,0238,61,0,0
1548441480,0238,61,1,0
1548441480,0238,31,0,0
1548441480,0238,31,1,0
1548441480,0238,6,0,0
1548441480,0238,6,1,0
1548441480,0238,32,0,0
1548441480,0238,32,1,0
1548441480,0238,14,0,0
1548441480,0238,14,1,0
1548441480,0238,15,0,0
1548441480,0238,15,1,0
1548441480,0238,37,0,0
1548441480,0238,37,1,0
1548441480,0238,57,0,0
1548441480,0238,57,1,0
1548441480,0238,42,0,0
1548441480,0238,42,1,0
1548441480,0238,59,0,0
1548441480,0238,59,1,0
1548441480,0238,43,0,0
1548441480,0238,43,1,0
1548441600,0240,27,0,0
1548441600,0240,27,1,0
1548441600,0240,5,0,0
1548441600,0240,5,1,0
1548441600,0240,23,0,0
1548441600,0240,23,1,0
1548441600,0240,3,0,0
1548441600,0240,3,1,0
1548441600,0240,4,0,0
1548441600,0240,4,1,0
1548441600,0240,20,0,0
1548441600,0240,20,1,0
1548441600,0240,55,0,0
1548441600,0240,55,1,0
1548441600,0240,77,0,0
1548441600,0240,77,1,0
1548441600,0240,50,0,0
1548441600,0240,50,1,0
1548441600,0240,41,0,0
1548441600,0240,41,1,0
1548441600,0240,40,0,0
1548441600,0240,40,1,0
1548441600,0240,61,0,0
1548441600,0240,61,1,0
1548441600,0240,31,0,0
1548441600,0240,31,1,0
1548441600,0240,6,0,0
1548441600,0240,6,1,0
1548441600,0240,32,0,0
1548441600,0240,32,1,0
1548441600,0240,14,0,0
1548441600,0240,14,1,0
1548441600,0240,15,0,0
1548441600,0240,15,1,0
1548441600,0240,37,0,0
1548441600,0240,37,1,0
1548441600,0240,57,0,0
1548441600,0240,57,1,3
1548441600,0240,42,0,0
1548441600,0240,42,1,0
1548441600,0240,59,0,0
1548441600,0240,59,1,0
1548441600,0240,43,0,0
1548441600,0240,43,1,0
1548441720,0242,27,0,0
1548441720,0242,27,1,0
1548441720,0242,5,0,0
1548441720,0242,5,1,0
1548441720,0242,23,0,0
1548441720,0242,23,1,0
1548441720,0242,3,0,0
1548441720,0242,3,1,0
1548441720,0242,4,0,0
1548441720,0242,4,1,0
1548441720,0242,20,0,0
1548441720,0242,20,1,0
1548441720,0242,55,0,0
1548441720,0242,55,1,0
1548441720,0242,77,0,0
1548441720,0242,77,1,0
1548441720,0242,50,0,0
1548441720,0242,50,1,0
1548441720,0242,41,0,0
1548441720,0242,41,1,0
1548441720,0242,40,0,0
1548441720,0242,40,1,0
1548441720,0242,61,0,0
1548441720,0242,61,1,0
1548441720,0242,31,0,0
1548441720,0242,31,1,0
1548441720,0242,6,0,0
1548441720,0242,6,1,0
1548441720,0242,32,0,0
1548441720,0242,32,1,0
1548441720,0242,14,0,0
1548441720,0242,14,1,0
1548441720,0242,15,0,0
1548441720,0242,15,1,0
1548441720,0242,37,0,0
1548441720,0242,37,1,0
1548441720,0242,57,0,0
1548441720,0242,57,1,0
1548441720,0242,42,0,0
1548441720,0242,42,1,1
1548441720,0242,59,0,0
1548441720,0242,59,1,1
1548441720,0242,43,0,0
1548441720,0242,43,1,0
1548441840,0244,27,0,0
1548441840,0244,27,1,0
1548441840,0244,5,0,0
1548441840,0244,5,1,0
1548441840,0244,23,0,0
1548441840,0244,23,1,0
1548441840,0244,3,0,0
1548441840,0244,3,1,0
1548441840,0244,4,0,0
1548441840,0244,4,1,0
1548441840,0244,20,0,0
1548441840,0244,20,1,0
1548441840,0244,55,0,0
1548441840,0244,55,1,0
1548441840,0244,77,0,0
1548441840,0244,77,1,0
1548441840,0244,50,0,0
1548441840,0244,50,1,0
1548441840,0244,41,0,0
1548441840,0244,41,1,0
1548441840,0244,40,0,0
1548441840,0244,40,1,0
1548441840,0244,61,0,0
1548441840,0244,61,1,0
1548441840,0244,31,0,0
1548441840,0244,31,1,0
1548441840,0244,6,0,0
1548441840,0244,6,1,0
1548441840,0244,32,0,0
1548441840,0244,32,1,0
1548441840,0244,14,0,0
1548441840,0244,14,1,0
1548441840,0244,15,0,0
1548441840,0244,15,1,0
1548441840,0244,37,0,0
1548441840,0244,37,1,0
1548441840,0244,57,0,3
1548441840,0244,57,1,0
1548441840,0244,42,0,0
1548441840,0244,42,1,0
1548441840,0244,59,0,0
1548441840,0244,59,1,0
1548441840,0244,43,0,0
1548441840,0244,43,1,7
1548441900,0245,27,0,0
1548441900,0245,27,1,0
1548441900,0245,5,0,0
1548441900,0245,5,1,0
1548441900,0245,23,0,0
1548441900,0245,23,1,0
1548441900,0245,3,0,0
1548441900,0245,3,1,0
1548441900,0245,4,0,0
1548441900,0245,4,1,0
1548441900,0245,20,0,0
1548441900,0245,20,1,0
1548441900,0245,55,0,0
1548441900,0245,55,1,0
1548441900,0245,77,0,0
1548441900,0245,77,1,0
1548441900,0245,50,0,0
1548441900,0245,50,1,0
1548441900,0245,41,0,1
1548441900,0245,41,1,0
1548441900,0245,40,0,0
1548441900,0245,40,1,0
1548441900,0245,61,0,0
1548441900,0245,61,1,0
1548441900,0245,31,0,0
1548441900,0245,31,1,0
1548441900,0245,6,0,0
1548441900,0245,6,1,0
1548441900,0245,32,0,0
1548441900,0245,32,1,0
1548441900,0245,14,0,0
1548441900,0245,14,1,0
1548441900,0245,15,0,0
1548441900,0245,15,1,0
1548441900,0245,37,0,0
1548441900,0245,37,1,0
1548441900,0245,57,0,0
1548441900,0245,57,1,0
1548441900,0245,42,0,0
1548441900,0245,42,1,0
1548441900,0245,59,0,0
1548441900,0245,59,1,0
1548441900,0245,43,0,0
1548441900,0245,43,1,0
1548441960,0246,27,0,0
1548441960,0246,27,1,0
1548441960,0246,5,0,0
1548441960,0246,5,1,2
1548441960,0246,23,0,0
1548441960,0246,23,1,0
1548441960,0246,3,0,0
1548441960,0246,3,1,0
1548441960,0246,4,0,0
1548441960,0246,4,1,0
1548441960,0246,20,0,0
1548441960,0246,20,1,0
1548441960,0246,55,0,0
1548441960,0246,55,1,0
1548441960,0246,77,0,0
1548441960,0246,77,1,0
1548441960,0246,50,0,0
1548441960,0246,50,1,0
1548441960,0246,41,0,0
1548441960,0246,41,1,0
1548441960,0246,40,0,0
1548441960,0246,40,1,0
1548441960,0246,61,0,0
1548441960,0246,61,1,0
1548441960,0246,31,0,0
1548441960,0246,31,1,0
1548441960,0246,6,0,0
1548441960,0246,6,1,0
1548441960,0246,32,0,0
1548441960,0246,32,1,0
1548441960,0246,14,0,0
1548441960,0246,14,1,0
1548441960,0246,15,0,0
1548441960,0246,15,1,0
1548441960,0246,37,0,0
1548441960,0246,37,1,0
1548441960,0246,57,0,0
1548441960,0246,57,1,0
1548441960,0246,42,0,0
1548441960,0246,42,1,0
1548441960,0246,59,0,0
1548441960,0246,59,1,0
1548441960,0246,43,0,0
1548441960,0246,43,1,0
1548442140,0249,27,0,0
1548442140,0249,27,1,0
1548442140,0249,5,0,0
1548442140,0249,5,1,0
1548442140,0249,23,0,0
1548442140,0249,23,1,0
1548442140,0249,3,0,0
1548442140,0249,3,1,0
1548442140,0249,4,0,0
1548442140,0249,4,1,0
1548442140,0249,20,0,0
1548442140,0249,20,1,0
1548442140,0249,55,0,0
1548442140,0249,55,1,0
1548442140,0249,77,0,0
1548442140,0249,77,1,0
1548442140,0249,50,0,0
1548442140,0249,50,1,0
1548442140,0249,41,0,0
1548442140,0249,41,1,1
1548442140,0249,40,0,0
1548442140,0249,40,1,0
1548442140,0249,61,0,0
1548442140,0249,61,1,0
1548442140,0249,31,0,0
1548442140,0249,31,1,0
1548442140,0249,6,0,0
1548442140,0249,6,1,0
1548442140,0249,32,0,0
1548442140,0249,32,1,0
1548442140,0249,14,0,0
1548442140,0249,14,1,0
1548442140,0249,15,0,0
1548442140,0249,15,1,0
1548442140,0249,37,0,0
1548442140,0249,37,1,0
1548442140,0249,57,0,0
1548442140,0249,57,1,0
1548442140,0249,42,0,0
1548442140,0249,42,1,0
1548442140,0249,59,0,1
1548442140,0249,59,1,0
1548442140,0249,43,0,0
1548442140,0249,43,1,0
1548442200,0250,27,0,0
1548442200,0250,27,1,0
1548442200,0250,5,0,0
1548442200,0250,5,1,0
1548442200,0250,23,0,0
1548442200,0250,23,1,0
1548442200,0250,3,0,0
1548442200,0250,3,1,0
1548442200,0250,4,0,0
1548442200,0250,4,1,0
1548442200,0250,20,0,0
1548442200,0250,20,1,0
1548442200,0250,55,0,0
1548442200,0250,55,1,0
1548442200,0250,77,0,0
1548442200,0250,77,1,0
1548442200,0250,50,0,0
1548442200,0250,50,1,0
1548442200,0250,41,0,1
1548442200,0250,41,1,0
1548442200,0250,40,0,0
1548442200,0250,40,1,0
1548442200,0250,61,0,0
1548442200,0250,61,1,0
1548442200,0250,31,0,0
1548442200,0250,31,1,0
1548442200,0250,6,0,0
1548442200,0250,6,1,0
1548442200,0250,32,0,0
1548442200,0250,32,1,0
1548442200,0250,14,0,0
1548442200,0250,14,1,0
1548442200,0250,15,0,0
1548442200,0250,15,1,0
1548442200,0250,37,0,0
1548442200,0250,37,1,0
1548442200,0250,57,0,0
1548442200,0250,57,1,0
1548442200,0250,42,0,0
1548442200,0250,42,1,0
1548442200,0250,59,0,0
1548442200,0250,59,1,0
1548442200,0250,43,0,0
1548442200,0250,43,1,0
1548442260,0251,27,0,0
1548442260,0251,27,1,0
1548442260,0251,5,0,0
1548442260,0251,5,1,0
1548442260,0251,23,0,0
1548442260,0251,23,1,0
1548442260,0251,3,0,0
1548442260,0251,3,1,0
1548442260,0251,4,0,0
1548442260,0251,4,1,0
1548442260,0251,20,0,0
1548442260,0251,20,1,0
1548442260,0251,55,0,0
1548442260,0251,55,1,0
1548442260,0251,77,0,0
1548442260,0251,77,1,0
1548442260,0251,50,0,0
1548442260,0251,50,1,0
1548442260,0251,41,0,0
1548442260,0251,41,1,0
1548442260,0251,40,0,0
1548442260,0251,40,1,0
1548442260,0251,61,0,0
1548442260,0251,61,1,0
1548442260,0251,31,0,0
1548442260,0251,31,1,0
1548442260,0251,6,0,0
1548442260,0251,6,1,0
1548442260,0251,32,0,0
1548442260,0251,32,1,0
1548442260,0251,14,0,0
1548442260,0251,14,1,0
1548442260,0251,15,0,0
1548442260,0251,15,1,0
1548442260,0251,37,0,0
1548442260,0251,37,1,0
1548442260,0251,57,0,0
1548442260,0251,57,1,0
1548442260,0251,42,0,1
1548442260,0251,42,1,0
1548442260,0251,59,0,0
1548442260,0251,59,1,0
1548442260,0251,43,0,0
1548442260,0251,43,1,0
1548442320,0252,27,0,0
1548442320,0252,27,1,0
1548442320,0252,5,0,0
1548442320,0252,5,1,0
1548442320,0252,23,0,0
1548442320,0252,23,1,0
1548442320,0252,3,0,0
1548442320,0252,3,1,0
1548442320,0252,4,0,0
1548442320,0252,4,1,0
1548442320,0252,20,0,0
1548442320,0252,20,1,0
1548442320,0252,55,0,0
1548442320,0252,55,1,0
1548442320,0252,77,0,0
1548442320,0252,77,1,0
1548442320,0252,50,0,0
1548442320,0252,50,1,0
1548442320,0252,41,0,0
1548442320,0252,41,1,0
1548442320,0252,40,0,0
1548442320,0252,40,1,0
1548442320,0252,61,0,0
1548442320,0252,61,1,0
1548442320,0252,31,0,0
1548442320,0252,31,1,0
1548442320,0252,6,0,0
1548442320,0252,6,1,0
1548442320,0252,32,0,0
1548442320,0252,32,1,0
1548442320,0252,14,0,0
1548442320,0252,14,1,0
1548442320,0252,15,0,0
1548442320,0252,15,1,0
1548442320,0252,37,0,0
1548442320,0252,37,1,0
1548442320,0252,57,0,0
1548442320,0252,57,1,0
1548442320,0252,42,0,0
1548442320,0252,42,1,4
1548442320,0252,59,0,0
1548442320,0252,59,1,0
1548442320,0252,43,0,0
1548442320,0252,43,1,0
