Num,Minute,DateType,day,Time,maxtemperature,mintemperature,temperature,weather
0,0,3,2019-01-01,0:0,3,1,2.0,阴
0,1,3,2019-01-01,0:15,3,1,2.0,阴
0,2,3,2019-01-01,0:30,3,1,2.0,阴
0,3,3,2019-01-01,0:45,3,1,2.0,阴
0,4,3,2019-01-01,1:0,3,1,2.0,阴
0,5,3,2019-01-01,1:15,3,1,2.0,阴
0,6,3,2019-01-01,1:30,3,1,2.0,阴
0,7,3,2019-01-01,1:45,3,1,2.0,阴
0,8,3,2019-01-01,2:0,3,1,2.0,阴
0,9,3,2019-01-01,2:15,3,1,2.0,阴
0,10,3,2019-01-01,2:30,3,1,2.0,阴
0,11,3,2019-01-01,2:45,3,1,2.0,阴
0,12,3,2019-01-01,3:0,3,1,2.0,阴
0,13,3,2019-01-01,3:15,3,1,2.0,阴
0,14,3,2019-01-01,3:30,3,1,2.0,阴
0,15,3,2019-01-01,3:45,3,1,2.0,阴
0,16,3,2019-01-01,4:0,3,1,2.0,阴
0,17,3,2019-01-01,4:15,3,1,2.0,阴
0,18,3,2019-01-01,4:30,3,1,2.0,阴
0,19,3,2019-01-01,4:45,3,1,2.0,阴
0,20,3,2019-01-01,5:0,3,1,2.0,阴
0,21,3,2019-01-01,5:15,3,1,2.0,阴
3,22,3,2019-01-01,5:30,3,1,2.0,阴
14,23,3,2019-01-01,5:45,3,1,2.0,阴
47,24,3,2019-01-01,6:0,3,1,2.0,阴
99,25,3,2019-01-01,6:15,3,1,2.0,阴
111,26,3,2019-01-01,6:30,3,1,2.0,阴
118,27,3,2019-01-01,6:45,3,1,2.0,阴
153,28,3,2019-01-01,7:0,3,1,2.0,阴
171,29,3,2019-01-01,7:15,3,1,2.0,阴
200,30,3,2019-01-01,7:30,3,1,2.0,阴
212,31,3,2019-01-01,7:45,3,1,2.0,阴
267,32,3,2019-01-01,8:0,3,1,2.0,阴
304,33,3,2019-01-01,8:15,3,1,2.0,阴
347,34,3,2019-01-01,8:30,3,1,2.0,阴
306,35,3,2019-01-01,8:45,3,1,2.0,阴
394,36,3,2019-01-01,9:0,3,1,2.0,阴
343,37,3,2019-01-01,9:15,3,1,2.0,阴
314,38,3,2019-01-01,9:30,3,1,2.0,阴
354,39,3,2019-01-01,9:45,3,1,2.0,阴
282,40,3,2019-01-01,10:0,3,1,2.0,阴
298,41,3,2019-01-01,10:15,3,1,2.0,阴
344,42,3,2019-01-01,10:30,3,1,2.0,阴
363,43,3,2019-01-01,10:45,3,1,2.0,阴
423,44,3,2019-01-01,11:0,3,1,2.0,阴
371,45,3,2019-01-01,11:15,3,1,2.0,阴
429,46,3,2019-01-01,11:30,3,1,2.0,阴
385,47,3,2019-01-01,11:45,3,1,2.0,阴
428,48,3,2019-01-01,12:0,3,1,2.0,阴
387,49,3,2019-01-01,12:15,3,1,2.0,阴
454,50,3,2019-01-01,12:30,3,1,2.0,阴
480,51,3,2019-01-01,12:45,3,1,2.0,阴
504,52,3,2019-01-01,13:0,3,1,2.0,阴
474,53,3,2019-01-01,13:15,3,1,2.0,阴
563,54,3,2019-01-01,13:30,3,1,2.0,阴
526,55,3,2019-01-01,13:45,3,1,2.0,阴
591,56,3,2019-01-01,14:0,3,1,2.0,阴
631,57,3,2019-01-01,14:15,3,1,2.0,阴
589,58,3,2019-01-01,14:30,3,1,2.0,阴
597,59,3,2019-01-01,14:45,3,1,2.0,阴
600,60,3,2019-01-01,15:0,3,1,2.0,阴
634,61,3,2019-01-01,15:15,3,1,2.0,阴
599,62,3,2019-01-01,15:30,3,1,2.0,阴
708,63,3,2019-01-01,15:45,3,1,2.0,阴
634,64,3,2019-01-01,16:0,3,1,2.0,阴
620,65,3,2019-01-01,16:15,3,1,2.0,阴
768,66,3,2019-01-01,16:30,3,1,2.0,阴
744,67,3,2019-01-01,16:45,3,1,2.0,阴
733,68,3,2019-01-01,17:0,3,1,2.0,阴
651,69,3,2019-01-01,17:15,3,1,2.0,阴
694,70,3,2019-01-01,17:30,3,1,2.0,阴
622,71,3,2019-01-01,17:45,3,1,2.0,阴
671,72,3,2019-01-01,18:0,3,1,2.0,阴
618,73,3,2019-01-01,18:15,3,1,2.0,阴
530,74,3,2019-01-01,18:30,3,1,2.0,阴
578,75,3,2019-01-01,18:45,3,1,2.0,阴
542,76,3,2019-01-01,19:0,3,1,2.0,阴
532,77,3,2019-01-01,19:15,3,1,2.0,阴
527,78,3,2019-01-01,19:30,3,1,2.0,阴
511,79,3,2019-01-01,19:45,3,1,2.0,阴
467,80,3,2019-01-01,20:0,3,1,2.0,阴
455,81,3,2019-01-01,20:15,3,1,2.0,阴
430,82,3,2019-01-01,20:30,3,1,2.0,阴
368,83,3,2019-01-01,20:45,3,1,2.0,阴
441,84,3,2019-01-01,21:0,3,1,2.0,阴
373,85,3,2019-01-01,21:15,3,1,2.0,阴
359,86,3,2019-01-01,21:30,3,1,2.0,阴
315,87,3,2019-01-01,21:45,3,1,2.0,阴
383,88,3,2019-01-01,22:0,3,1,2.0,阴
381,89,3,2019-01-01,22:15,3,1,2.0,阴
271,90,3,2019-01-01,22:30,3,1,2.0,阴
156,91,3,2019-01-01,22:45,3,1,2.0,阴
108,92,3,2019-01-01,23:0,3,1,2.0,阴
57,93,3,2019-01-01,23:15,3,1,2.0,阴
17,94,3,2019-01-01,23:30,3,1,2.0,阴
9,95,3,2019-01-01,23:45,3,1,2.0,阴
2,0,2,2019-01-02,0:0,3,2,2.5,雨夹雪
0,1,2,2019-01-02,0:15,3,2,2.5,雨夹雪
0,2,2,2019-01-02,0:30,3,2,2.5,雨夹雪
0,3,2,2019-01-02,0:45,3,2,2.5,雨夹雪
0,4,2,2019-01-02,1:0,3,2,2.5,雨夹雪
0,5,2,2019-01-02,1:15,3,2,2.5,雨夹雪
0,6,2,2019-01-02,1:30,3,2,2.5,雨夹雪
0,7,2,2019-01-02,1:45,3,2,2.5,雨夹雪
0,8,2,2019-01-02,2:0,3,2,2.5,雨夹雪
0,9,2,2019-01-02,2:15,3,2,2.5,雨夹雪
0,10,2,2019-01-02,2:30,3,2,2.5,雨夹雪
0,11,2,2019-01-02,2:45,3,2,2.5,雨夹雪
0,12,2,2019-01-02,3:0,3,2,2.5,雨夹雪
0,13,2,2019-01-02,3:15,3,2,2.5,雨夹雪
0,14,2,2019-01-02,3:30,3,2,2.5,雨夹雪
0,15,2,2019-01-02,3:45,3,2,2.5,雨夹雪
0,16,2,2019-01-02,4:0,3,2,2.5,雨夹雪
0,17,2,2019-01-02,4:15,3,2,2.5,雨夹雪
0,18,2,2019-01-02,4:30,3,2,2.5,雨夹雪
0,19,2,2019-01-02,4:45,3,2,2.5,雨夹雪
0,20,2,2019-01-02,5:0,3,2,2.5,雨夹雪
0,21,2,2019-01-02,5:15,3,2,2.5,雨夹雪
2,22,2,2019-01-02,5:30,3,2,2.5,雨夹雪
12,23,2,2019-01-02,5:45,3,2,2.5,雨夹雪
35,24,2,2019-01-02,6:0,3,2,2.5,雨夹雪
92,25,2,2019-01-02,6:15,3,2,2.5,雨夹雪
129,26,2,2019-01-02,6:30,3,2,2.5,雨夹雪
213,27,2,2019-01-02,6:45,3,2,2.5,雨夹雪
290,28,2,2019-01-02,7:0,3,2,2.5,雨夹雪
385,29,2,2019-01-02,7:15,3,2,2.5,雨夹雪
694,30,2,2019-01-02,7:30,3,2,2.5,雨夹雪
985,31,2,2019-01-02,7:45,3,2,2.5,雨夹雪
1612,32,2,2019-01-02,8:0,3,2,2.5,雨夹雪
1789,33,2,2019-01-02,8:15,3,2,2.5,雨夹雪
2022,34,2,2019-01-02,8:30,3,2,2.5,雨夹雪
1879,35,2,2019-01-02,8:45,3,2,2.5,雨夹雪
1072,36,2,2019-01-02,9:0,3,2,2.5,雨夹雪
811,37,2,2019-01-02,9:15,3,2,2.5,雨夹雪
553,38,2,2019-01-02,9:30,3,2,2.5,雨夹雪
525,39,2,2019-01-02,9:45,3,2,2.5,雨夹雪
388,40,2,2019-01-02,10:0,3,2,2.5,雨夹雪
378,41,2,2019-01-02,10:15,3,2,2.5,雨夹雪
340,42,2,2019-01-02,10:30,3,2,2.5,雨夹雪
334,43,2,2019-01-02,10:45,3,2,2.5,雨夹雪
341,44,2,2019-01-02,11:0,3,2,2.5,雨夹雪
346,45,2,2019-01-02,11:15,3,2,2.5,雨夹雪
348,46,2,2019-01-02,11:30,3,2,2.5,雨夹雪
322,47,2,2019-01-02,11:45,3,2,2.5,雨夹雪
364,48,2,2019-01-02,12:0,3,2,2.5,雨夹雪
391,49,2,2019-01-02,12:15,3,2,2.5,雨夹雪
392,50,2,2019-01-02,12:30,3,2,2.5,雨夹雪
398,51,2,2019-01-02,12:45,3,2,2.5,雨夹雪
420,52,2,2019-01-02,13:0,3,2,2.5,雨夹雪
381,53,2,2019-01-02,13:15,3,2,2.5,雨夹雪
433,54,2,2019-01-02,13:30,3,2,2.5,雨夹雪
419,55,2,2019-01-02,13:45,3,2,2.5,雨夹雪
401,56,2,2019-01-02,14:0,3,2,2.5,雨夹雪
360,57,2,2019-01-02,14:15,3,2,2.5,雨夹雪
402,58,2,2019-01-02,14:30,3,2,2.5,雨夹雪
397,59,2,2019-01-02,14:45,3,2,2.5,雨夹雪
398,60,2,2019-01-02,15:0,3,2,2.5,雨夹雪
450,61,2,2019-01-02,15:15,3,2,2.5,雨夹雪
496,62,2,2019-01-02,15:30,3,2,2.5,雨夹雪
470,63,2,2019-01-02,15:45,3,2,2.5,雨夹雪
444,64,2,2019-01-02,16:0,3,2,2.5,雨夹雪
428,65,2,2019-01-02,16:15,3,2,2.5,雨夹雪
533,66,2,2019-01-02,16:30,3,2,2.5,雨夹雪
503,67,2,2019-01-02,16:45,3,2,2.5,雨夹雪
742,68,2,2019-01-02,17:0,3,2,2.5,雨夹雪
993,69,2,2019-01-02,17:15,3,2,2.5,雨夹雪
1187,70,2,2019-01-02,17:30,3,2,2.5,雨夹雪
1547,71,2,2019-01-02,17:45,3,2,2.5,雨夹雪
1406,72,2,2019-01-02,18:0,3,2,2.5,雨夹雪
1480,73,2,2019-01-02,18:15,3,2,2.5,雨夹雪
1082,74,2,2019-01-02,18:30,3,2,2.5,雨夹雪
963,75,2,2019-01-02,18:45,3,2,2.5,雨夹雪
748,76,2,2019-01-02,19:0,3,2,2.5,雨夹雪
673,77,2,2019-01-02,19:15,3,2,2.5,雨夹雪
552,78,2,2019-01-02,19:30,3,2,2.5,雨夹雪
527,79,2,2019-01-02,19:45,3,2,2.5,雨夹雪
585,80,2,2019-01-02,20:0,3,2,2.5,雨夹雪
499,81,2,2019-01-02,20:15,3,2,2.5,雨夹雪
489,82,2,2019-01-02,20:30,3,2,2.5,雨夹雪
464,83,2,2019-01-02,20:45,3,2,2.5,雨夹雪
421,84,2,2019-01-02,21:0,3,2,2.5,雨夹雪
435,85,2,2019-01-02,21:15,3,2,2.5,雨夹雪
426,86,2,2019-01-02,21:30,3,2,2.5,雨夹雪
397,87,2,2019-01-02,21:45,3,2,2.5,雨夹雪
327,88,2,2019-01-02,22:0,3,2,2.5,雨夹雪
313,89,2,2019-01-02,22:15,3,2,2.5,雨夹雪
188,90,2,2019-01-02,22:30,3,2,2.5,雨夹雪
147,91,2,2019-01-02,22:45,3,2,2.5,雨夹雪
96,92,2,2019-01-02,23:0,3,2,2.5,雨夹雪
36,93,2,2019-01-02,23:15,3,2,2.5,雨夹雪
11,94,2,2019-01-02,23:30,3,2,2.5,雨夹雪
0,95,2,2019-01-02,23:45,3,2,2.5,雨夹雪
0,0,2,2019-01-03,0:0,5,4,4.5,雨夹雪
0,1,2,2019-01-03,0:15,5,4,4.5,雨夹雪
0,2,2,2019-01-03,0:30,5,4,4.5,雨夹雪
0,3,2,2019-01-03,0:45,5,4,4.5,雨夹雪
0,4,2,2019-01-03,1:0,5,4,4.5,雨夹雪
0,5,2,2019-01-03,1:15,5,4,4.5,雨夹雪
0,6,2,2019-01-03,1:30,5,4,4.5,雨夹雪
0,7,2,2019-01-03,1:45,5,4,4.5,雨夹雪
0,8,2,2019-01-03,2:0,5,4,4.5,雨夹雪
0,9,2,2019-01-03,2:15,5,4,4.5,雨夹雪
0,10,2,2019-01-03,2:30,5,4,4.5,雨夹雪
0,11,2,2019-01-03,2:45,5,4,4.5,雨夹雪
0,12,2,2019-01-03,3:0,5,4,4.5,雨夹雪
0,13,2,2019-01-03,3:15,5,4,4.5,雨夹雪
0,14,2,2019-01-03,3:30,5,4,4.5,雨夹雪
0,15,2,2019-01-03,3:45,5,4,4.5,雨夹雪
0,16,2,2019-01-03,4:0,5,4,4.5,雨夹雪
0,17,2,2019-01-03,4:15,5,4,4.5,雨夹雪
0,18,2,2019-01-03,4:30,5,4,4.5,雨夹雪
0,19,2,2019-01-03,4:45,5,4,4.5,雨夹雪
0,20,2,2019-01-03,5:0,5,4,4.5,雨夹雪
0,21,2,2019-01-03,5:15,5,4,4.5,雨夹雪
0,22,2,2019-01-03,5:30,5,4,4.5,雨夹雪
14,23,2,2019-01-03,5:45,5,4,4.5,雨夹雪
25,24,2,2019-01-03,6:0,5,4,4.5,雨夹雪
70,25,2,2019-01-03,6:15,5,4,4.5,雨夹雪
155,26,2,2019-01-03,6:30,5,4,4.5,雨夹雪
220,27,2,2019-01-03,6:45,5,4,4.5,雨夹雪
281,28,2,2019-01-03,7:0,5,4,4.5,雨夹雪
375,29,2,2019-01-03,7:15,5,4,4.5,雨夹雪
613,30,2,2019-01-03,7:30,5,4,4.5,雨夹雪
934,31,2,2019-01-03,7:45,5,4,4.5,雨夹雪
1507,32,2,2019-01-03,8:0,5,4,4.5,雨夹雪
1814,33,2,2019-01-03,8:15,5,4,4.5,雨夹雪
2061,34,2,2019-01-03,8:30,5,4,4.5,雨夹雪
1979,35,2,2019-01-03,8:45,5,4,4.5,雨夹雪
1174,36,2,2019-01-03,9:0,5,4,4.5,雨夹雪
921,37,2,2019-01-03,9:15,5,4,4.5,雨夹雪
582,38,2,2019-01-03,9:30,5,4,4.5,雨夹雪
609,39,2,2019-01-03,9:45,5,4,4.5,雨夹雪
441,40,2,2019-01-03,10:0,5,4,4.5,雨夹雪
368,41,2,2019-01-03,10:15,5,4,4.5,雨夹雪
397,42,2,2019-01-03,10:30,5,4,4.5,雨夹雪
351,43,2,2019-01-03,10:45,5,4,4.5,雨夹雪
368,44,2,2019-01-03,11:0,5,4,4.5,雨夹雪
361,45,2,2019-01-03,11:15,5,4,4.5,雨夹雪
382,46,2,2019-01-03,11:30,5,4,4.5,雨夹雪
405,47,2,2019-01-03,11:45,5,4,4.5,雨夹雪
448,48,2,2019-01-03,12:0,5,4,4.5,雨夹雪
486,49,2,2019-01-03,12:15,5,4,4.5,雨夹雪
491,50,2,2019-01-03,12:30,5,4,4.5,雨夹雪
561,51,2,2019-01-03,12:45,5,4,4.5,雨夹雪
580,52,2,2019-01-03,13:0,5,4,4.5,雨夹雪
410,53,2,2019-01-03,13:15,5,4,4.5,雨夹雪
459,54,2,2019-01-03,13:30,5,4,4.5,雨夹雪
365,55,2,2019-01-03,13:45,5,4,4.5,雨夹雪
402,56,2,2019-01-03,14:0,5,4,4.5,雨夹雪
354,57,2,2019-01-03,14:15,5,4,4.5,雨夹雪
373,58,2,2019-01-03,14:30,5,4,4.5,雨夹雪
390,59,2,2019-01-03,14:45,5,4,4.5,雨夹雪
365,60,2,2019-01-03,15:0,5,4,4.5,雨夹雪
380,61,2,2019-01-03,15:15,5,4,4.5,雨夹雪
377,62,2,2019-01-03,15:30,5,4,4.5,雨夹雪
463,63,2,2019-01-03,15:45,5,4,4.5,雨夹雪
467,64,2,2019-01-03,16:0,5,4,4.5,雨夹雪
448,65,2,2019-01-03,16:15,5,4,4.5,雨夹雪
516,66,2,2019-01-03,16:30,5,4,4.5,雨夹雪
606,67,2,2019-01-03,16:45,5,4,4.5,雨夹雪
839,68,2,2019-01-03,17:0,5,4,4.5,雨夹雪
920,69,2,2019-01-03,17:15,5,4,4.5,雨夹雪
1100,70,2,2019-01-03,17:30,5,4,4.5,雨夹雪
1458,71,2,2019-01-03,17:45,5,4,4.5,雨夹雪
1315,72,2,2019-01-03,18:0,5,4,4.5,雨夹雪
1398,73,2,2019-01-03,18:15,5,4,4.5,雨夹雪
994,74,2,2019-01-03,18:30,5,4,4.5,雨夹雪
935,75,2,2019-01-03,18:45,5,4,4.5,雨夹雪
688,76,2,2019-01-03,19:0,5,4,4.5,雨夹雪
678,77,2,2019-01-03,19:15,5,4,4.5,雨夹雪
600,78,2,2019-01-03,19:30,5,4,4.5,雨夹雪
553,79,2,2019-01-03,19:45,5,4,4.5,雨夹雪
595,80,2,2019-01-03,20:0,5,4,4.5,雨夹雪
527,81,2,2019-01-03,20:15,5,4,4.5,雨夹雪
531,82,2,2019-01-03,20:30,5,4,4.5,雨夹雪
564,83,2,2019-01-03,20:45,5,4,4.5,雨夹雪
490,84,2,2019-01-03,21:0,5,4,4.5,雨夹雪
480,85,2,2019-01-03,21:15,5,4,4.5,雨夹雪
440,86,2,2019-01-03,21:30,5,4,4.5,雨夹雪
381,87,2,2019-01-03,21:45,5,4,4.5,雨夹雪
431,88,2,2019-01-03,22:0,5,4,4.5,雨夹雪
287,89,2,2019-01-03,22:15,5,4,4.5,雨夹雪
227,90,2,2019-01-03,22:30,5,4,4.5,雨夹雪
171,91,2,2019-01-03,22:45,5,4,4.5,雨夹雪
89,92,2,2019-01-03,23:0,5,4,4.5,雨夹雪
56,93,2,2019-01-03,23:15,5,4,4.5,雨夹雪
6,94,2,2019-01-03,23:30,5,4,4.5,雨夹雪
0,95,2,2019-01-03,23:45,5,4,4.5,雨夹雪
0,0,1,2019-01-04,0:0,8,5,6.5,中雨
0,1,1,2019-01-04,0:15,8,5,6.5,中雨
0,2,1,2019-01-04,0:30,8,5,6.5,中雨
0,3,1,2019-01-04,0:45,8,5,6.5,中雨
0,4,1,2019-01-04,1:0,8,5,6.5,中雨
0,5,1,2019-01-04,1:15,8,5,6.5,中雨
0,6,1,2019-01-04,1:30,8,5,6.5,中雨
0,7,1,2019-01-04,1:45,8,5,6.5,中雨
0,8,1,2019-01-04,2:0,8,5,6.5,中雨
0,9,1,2019-01-04,2:15,8,5,6.5,中雨
0,10,1,2019-01-04,2:30,8,5,6.5,中雨
0,11,1,2019-01-04,2:45,8,5,6.5,中雨
0,12,1,2019-01-04,3:0,8,5,6.5,中雨
0,13,1,2019-01-04,3:15,8,5,6.5,中雨
0,14,1,2019-01-04,3:30,8,5,6.5,中雨
0,15,1,2019-01-04,3:45,8,5,6.5,中雨
0,16,1,2019-01-04,4:0,8,5,6.5,中雨
0,17,1,2019-01-04,4:15,8,5,6.5,中雨
0,18,1,2019-01-04,4:30,8,5,6.5,中雨
0,19,1,2019-01-04,4:45,8,5,6.5,中雨
0,20,1,2019-01-04,5:0,8,5,6.5,中雨
0,21,1,2019-01-04,5:15,8,5,6.5,中雨
0,22,1,2019-01-04,5:30,8,5,6.5,中雨
13,23,1,2019-01-04,5:45,8,5,6.5,中雨
26,24,1,2019-01-04,6:0,8,5,6.5,中雨
67,25,1,2019-01-04,6:15,8,5,6.5,中雨
127,26,1,2019-01-04,6:30,8,5,6.5,中雨
145,27,1,2019-01-04,6:45,8,5,6.5,中雨
240,28,1,2019-01-04,7:0,8,5,6.5,中雨
378,29,1,2019-01-04,7:15,8,5,6.5,中雨
612,30,1,2019-01-04,7:30,8,5,6.5,中雨
1019,31,1,2019-01-04,7:45,8,5,6.5,中雨
1541,32,1,2019-01-04,8:0,8,5,6.5,中雨
1850,33,1,2019-01-04,8:15,8,5,6.5,中雨
1919,34,1,2019-01-04,8:30,8,5,6.5,中雨
2027,35,1,2019-01-04,8:45,8,5,6.5,中雨
1038,36,1,2019-01-04,9:0,8,5,6.5,中雨
1002,37,1,2019-01-04,9:15,8,5,6.5,中雨
629,38,1,2019-01-04,9:30,8,5,6.5,中雨
582,39,1,2019-01-04,9:45,8,5,6.5,中雨
436,40,1,2019-01-04,10:0,8,5,6.5,中雨
356,41,1,2019-01-04,10:15,8,5,6.5,中雨
400,42,1,2019-01-04,10:30,8,5,6.5,中雨
382,43,1,2019-01-04,10:45,8,5,6.5,中雨
335,44,1,2019-01-04,11:0,8,5,6.5,中雨
350,45,1,2019-01-04,11:15,8,5,6.5,中雨
435,46,1,2019-01-04,11:30,8,5,6.5,中雨
382,47,1,2019-01-04,11:45,8,5,6.5,中雨
438,48,1,2019-01-04,12:0,8,5,6.5,中雨
409,49,1,2019-01-04,12:15,8,5,6.5,中雨
423,50,1,2019-01-04,12:30,8,5,6.5,中雨
460,51,1,2019-01-04,12:45,8,5,6.5,中雨
442,52,1,2019-01-04,13:0,8,5,6.5,中雨
387,53,1,2019-01-04,13:15,8,5,6.5,中雨
418,54,1,2019-01-04,13:30,8,5,6.5,中雨
366,55,1,2019-01-04,13:45,8,5,6.5,中雨
375,56,1,2019-01-04,14:0,8,5,6.5,中雨
408,57,1,2019-01-04,14:15,8,5,6.5,中雨
439,58,1,2019-01-04,14:30,8,5,6.5,中雨
415,59,1,2019-01-04,14:45,8,5,6.5,中雨
461,60,1,2019-01-04,15:0,8,5,6.5,中雨
436,61,1,2019-01-04,15:15,8,5,6.5,中雨
550,62,1,2019-01-04,15:30,8,5,6.5,中雨
594,63,1,2019-01-04,15:45,8,5,6.5,中雨
614,64,1,2019-01-04,16:0,8,5,6.5,中雨
510,65,1,2019-01-04,16:15,8,5,6.5,中雨
526,66,1,2019-01-04,16:30,8,5,6.5,中雨
547,67,1,2019-01-04,16:45,8,5,6.5,中雨
836,68,1,2019-01-04,17:0,8,5,6.5,中雨
1001,69,1,2019-01-04,17:15,8,5,6.5,中雨
1172,70,1,2019-01-04,17:30,8,5,6.5,中雨
1560,71,1,2019-01-04,17:45,8,5,6.5,中雨
1346,72,1,2019-01-04,18:0,8,5,6.5,中雨
1523,73,1,2019-01-04,18:15,8,5,6.5,中雨
1190,74,1,2019-01-04,18:30,8,5,6.5,中雨
977,75,1,2019-01-04,18:45,8,5,6.5,中雨
801,76,1,2019-01-04,19:0,8,5,6.5,中雨
683,77,1,2019-01-04,19:15,8,5,6.5,中雨
605,78,1,2019-01-04,19:30,8,5,6.5,中雨
553,79,1,2019-01-04,19:45,8,5,6.5,中雨
603,80,1,2019-01-04,20:0,8,5,6.5,中雨
618,81,1,2019-01-04,20:15,8,5,6.5,中雨
563,82,1,2019-01-04,20:30,8,5,6.5,中雨
571,83,1,2019-01-04,20:45,8,5,6.5,中雨
574,84,1,2019-01-04,21:0,8,5,6.5,中雨
491,85,1,2019-01-04,21:15,8,5,6.5,中雨
480,86,1,2019-01-04,21:30,8,5,6.5,中雨
488,87,1,2019-01-04,21:45,8,5,6.5,中雨
394,88,1,2019-01-04,22:0,8,5,6.5,中雨
410,89,1,2019-01-04,22:15,8,5,6.5,中雨
326,90,1,2019-01-04,22:30,8,5,6.5,中雨
234,91,1,2019-01-04,22:45,8,5,6.5,中雨
187,92,1,2019-01-04,23:0,8,5,6.5,中雨
96,93,1,2019-01-04,23:15,8,5,6.5,中雨
13,94,1,2019-01-04,23:30,8,5,6.5,中雨
0,95,1,2019-01-04,23:45,8,5,6.5,中雨
0,0,1,2019-01-05,0:0,7,5,6.0,阴
0,1,1,2019-01-05,0:15,7,5,6.0,阴
0,2,1,2019-01-05,0:30,7,5,6.0,阴
0,3,1,2019-01-05,0:45,7,5,6.0,阴
0,4,1,2019-01-05,1:0,7,5,6.0,阴
0,5,1,2019-01-05,1:15,7,5,6.0,阴
0,6,1,2019-01-05,1:30,7,5,6.0,阴
0,7,1,2019-01-05,1:45,7,5,6.0,阴
0,8,1,2019-01-05,2:0,7,5,6.0,阴
0,9,1,2019-01-05,2:15,7,5,6.0,阴
0,10,1,2019-01-05,2:30,7,5,6.0,阴
0,11,1,2019-01-05,2:45,7,5,6.0,阴
0,12,1,2019-01-05,3:0,7,5,6.0,阴
0,13,1,2019-01-05,3:15,7,5,6.0,阴
0,14,1,2019-01-05,3:30,7,5,6.0,阴
0,15,1,2019-01-05,3:45,7,5,6.0,阴
0,16,1,2019-01-05,4:0,7,5,6.0,阴
0,17,1,2019-01-05,4:15,7,5,6.0,阴
0,18,1,2019-01-05,4:30,7,5,6.0,阴
0,19,1,2019-01-05,4:45,7,5,6.0,阴
0,20,1,2019-01-05,5:0,7,5,6.0,阴
0,21,1,2019-01-05,5:15,7,5,6.0,阴
0,22,1,2019-01-05,5:30,7,5,6.0,阴
9,23,1,2019-01-05,5:45,7,5,6.0,阴
27,24,1,2019-01-05,6:0,7,5,6.0,阴
53,25,1,2019-01-05,6:15,7,5,6.0,阴
90,26,1,2019-01-05,6:30,7,5,6.0,阴
105,27,1,2019-01-05,6:45,7,5,6.0,阴
171,28,1,2019-01-05,7:0,7,5,6.0,阴
209,29,1,2019-01-05,7:15,7,5,6.0,阴
270,30,1,2019-01-05,7:30,7,5,6.0,阴
384,31,1,2019-01-05,7:45,7,5,6.0,阴
511,32,1,2019-01-05,8:0,7,5,6.0,阴
570,33,1,2019-01-05,8:15,7,5,6.0,阴
844,34,1,2019-01-05,8:30,7,5,6.0,阴
827,35,1,2019-01-05,8:45,7,5,6.0,阴
687,36,1,2019-01-05,9:0,7,5,6.0,阴
487,37,1,2019-01-05,9:15,7,5,6.0,阴
472,38,1,2019-01-05,9:30,7,5,6.0,阴
450,39,1,2019-01-05,9:45,7,5,6.0,阴
383,40,1,2019-01-05,10:0,7,5,6.0,阴
392,41,1,2019-01-05,10:15,7,5,6.0,阴
403,42,1,2019-01-05,10:30,7,5,6.0,阴
402,43,1,2019-01-05,10:45,7,5,6.0,阴
339,44,1,2019-01-05,11:0,7,5,6.0,阴
362,45,1,2019-01-05,11:15,7,5,6.0,阴
370,46,1,2019-01-05,11:30,7,5,6.0,阴
379,47,1,2019-01-05,11:45,7,5,6.0,阴
405,48,1,2019-01-05,12:0,7,5,6.0,阴
474,49,1,2019-01-05,12:15,7,5,6.0,阴
482,50,1,2019-01-05,12:30,7,5,6.0,阴
485,51,1,2019-01-05,12:45,7,5,6.0,阴
435,52,1,2019-01-05,13:0,7,5,6.0,阴
422,53,1,2019-01-05,13:15,7,5,6.0,阴
451,54,1,2019-01-05,13:30,7,5,6.0,阴
505,55,1,2019-01-05,13:45,7,5,6.0,阴
469,56,1,2019-01-05,14:0,7,5,6.0,阴
497,57,1,2019-01-05,14:15,7,5,6.0,阴
449,58,1,2019-01-05,14:30,7,5,6.0,阴
419,59,1,2019-01-05,14:45,7,5,6.0,阴
518,60,1,2019-01-05,15:0,7,5,6.0,阴
436,61,1,2019-01-05,15:15,7,5,6.0,阴
543,62,1,2019-01-05,15:30,7,5,6.0,阴
517,63,1,2019-01-05,15:45,7,5,6.0,阴
562,64,1,2019-01-05,16:0,7,5,6.0,阴
548,65,1,2019-01-05,16:15,7,5,6.0,阴
570,66,1,2019-01-05,16:30,7,5,6.0,阴
544,67,1,2019-01-05,16:45,7,5,6.0,阴
724,68,1,2019-01-05,17:0,7,5,6.0,阴
703,69,1,2019-01-05,17:15,7,5,6.0,阴
791,70,1,2019-01-05,17:30,7,5,6.0,阴
818,71,1,2019-01-05,17:45,7,5,6.0,阴
743,72,1,2019-01-05,18:0,7,5,6.0,阴
758,73,1,2019-01-05,18:15,7,5,6.0,阴
598,74,1,2019-01-05,18:30,7,5,6.0,阴
558,75,1,2019-01-05,18:45,7,5,6.0,阴
484,76,1,2019-01-05,19:0,7,5,6.0,阴
494,77,1,2019-01-05,19:15,7,5,6.0,阴
430,78,1,2019-01-05,19:30,7,5,6.0,阴
418,79,1,2019-01-05,19:45,7,5,6.0,阴
485,80,1,2019-01-05,20:0,7,5,6.0,阴
470,81,1,2019-01-05,20:15,7,5,6.0,阴
512,82,1,2019-01-05,20:30,7,5,6.0,阴
478,83,1,2019-01-05,20:45,7,5,6.0,阴
421,84,1,2019-01-05,21:0,7,5,6.0,阴
394,85,1,2019-01-05,21:15,7,5,6.0,阴
372,86,1,2019-01-05,21:30,7,5,6.0,阴
404,87,1,2019-01-05,21:45,7,5,6.0,阴
411,88,1,2019-01-05,22:0,7,5,6.0,阴
351,89,1,2019-01-05,22:15,7,5,6.0,阴
308,90,1,2019-01-05,22:30,7,5,6.0,阴
199,91,1,2019-01-05,22:45,7,5,6.0,阴
124,92,1,2019-01-05,23:0,7,5,6.0,阴
86,93,1,2019-01-05,23:15,7,5,6.0,阴
15,94,1,2019-01-05,23:30,7,5,6.0,阴
2,95,1,2019-01-05,23:45,7,5,6.0,阴
0,0,1,2019-01-06,0:0,7,3,5.0,多云
0,1,1,2019-01-06,0:15,7,3,5.0,多云
0,2,1,2019-01-06,0:30,7,3,5.0,多云
0,3,1,2019-01-06,0:45,7,3,5.0,多云
0,4,1,2019-01-06,1:0,7,3,5.0,多云
0,5,1,2019-01-06,1:15,7,3,5.0,多云
0,6,1,2019-01-06,1:30,7,3,5.0,多云
0,7,1,2019-01-06,1:45,7,3,5.0,多云
0,8,1,2019-01-06,2:0,7,3,5.0,多云
0,9,1,2019-01-06,2:15,7,3,5.0,多云
0,10,1,2019-01-06,2:30,7,3,5.0,多云
0,11,1,2019-01-06,2:45,7,3,5.0,多云
0,12,1,2019-01-06,3:0,7,3,5.0,多云
0,13,1,2019-01-06,3:15,7,3,5.0,多云
0,14,1,2019-01-06,3:30,7,3,5.0,多云
0,15,1,2019-01-06,3:45,7,3,5.0,多云
0,16,1,2019-01-06,4:0,7,3,5.0,多云
0,17,1,2019-01-06,4:15,7,3,5.0,多云
0,18,1,2019-01-06,4:30,7,3,5.0,多云
0,19,1,2019-01-06,4:45,7,3,5.0,多云
0,20,1,2019-01-06,5:0,7,3,5.0,多云
0,21,1,2019-01-06,5:15,7,3,5.0,多云
1,22,1,2019-01-06,5:30,7,3,5.0,多云
9,23,1,2019-01-06,5:45,7,3,5.0,多云
31,24,1,2019-01-06,6:0,7,3,5.0,多云
56,25,1,2019-01-06,6:15,7,3,5.0,多云
80,26,1,2019-01-06,6:30,7,3,5.0,多云
85,27,1,2019-01-06,6:45,7,3,5.0,多云
165,28,1,2019-01-06,7:0,7,3,5.0,多云
204,29,1,2019-01-06,7:15,7,3,5.0,多云
242,30,1,2019-01-06,7:30,7,3,5.0,多云
266,31,1,2019-01-06,7:45,7,3,5.0,多云
370,32,1,2019-01-06,8:0,7,3,5.0,多云
400,33,1,2019-01-06,8:15,7,3,5.0,多云
453,34,1,2019-01-06,8:30,7,3,5.0,多云
447,35,1,2019-01-06,8:45,7,3,5.0,多云
449,36,1,2019-01-06,9:0,7,3,5.0,多云
376,37,1,2019-01-06,9:15,7,3,5.0,多云
467,38,1,2019-01-06,9:30,7,3,5.0,多云
461,39,1,2019-01-06,9:45,7,3,5.0,多云
336,40,1,2019-01-06,10:0,7,3,5.0,多云
319,41,1,2019-01-06,10:15,7,3,5.0,多云
342,42,1,2019-01-06,10:30,7,3,5.0,多云
323,43,1,2019-01-06,10:45,7,3,5.0,多云
322,44,1,2019-01-06,11:0,7,3,5.0,多云
371,45,1,2019-01-06,11:15,7,3,5.0,多云
367,46,1,2019-01-06,11:30,7,3,5.0,多云
383,47,1,2019-01-06,11:45,7,3,5.0,多云
445,48,1,2019-01-06,12:0,7,3,5.0,多云
399,49,1,2019-01-06,12:15,7,3,5.0,多云
438,50,1,2019-01-06,12:30,7,3,5.0,多云
427,51,1,2019-01-06,12:45,7,3,5.0,多云
460,52,1,2019-01-06,13:0,7,3,5.0,多云
417,53,1,2019-01-06,13:15,7,3,5.0,多云
439,54,1,2019-01-06,13:30,7,3,5.0,多云
477,55,1,2019-01-06,13:45,7,3,5.0,多云
474,56,1,2019-01-06,14:0,7,3,5.0,多云
448,57,1,2019-01-06,14:15,7,3,5.0,多云
425,58,1,2019-01-06,14:30,7,3,5.0,多云
430,59,1,2019-01-06,14:45,7,3,5.0,多云
523,60,1,2019-01-06,15:0,7,3,5.0,多云
482,61,1,2019-01-06,15:15,7,3,5.0,多云
538,62,1,2019-01-06,15:30,7,3,5.0,多云
517,63,1,2019-01-06,15:45,7,3,5.0,多云
557,64,1,2019-01-06,16:0,7,3,5.0,多云
482,65,1,2019-01-06,16:15,7,3,5.0,多云
584,66,1,2019-01-06,16:30,7,3,5.0,多云
628,67,1,2019-01-06,16:45,7,3,5.0,多云
609,68,1,2019-01-06,17:0,7,3,5.0,多云
594,69,1,2019-01-06,17:15,7,3,5.0,多云
560,70,1,2019-01-06,17:30,7,3,5.0,多云
633,71,1,2019-01-06,17:45,7,3,5.0,多云
587,72,1,2019-01-06,18:0,7,3,5.0,多云
558,73,1,2019-01-06,18:15,7,3,5.0,多云
545,74,1,2019-01-06,18:30,7,3,5.0,多云
483,75,1,2019-01-06,18:45,7,3,5.0,多云
474,76,1,2019-01-06,19:0,7,3,5.0,多云
407,77,1,2019-01-06,19:15,7,3,5.0,多云
384,78,1,2019-01-06,19:30,7,3,5.0,多云
399,79,1,2019-01-06,19:45,7,3,5.0,多云
398,80,1,2019-01-06,20:0,7,3,5.0,多云
454,81,1,2019-01-06,20:15,7,3,5.0,多云
404,82,1,2019-01-06,20:30,7,3,5.0,多云
363,83,1,2019-01-06,20:45,7,3,5.0,多云
429,84,1,2019-01-06,21:0,7,3,5.0,多云
429,85,1,2019-01-06,21:15,7,3,5.0,多云
312,86,1,2019-01-06,21:30,7,3,5.0,多云
339,87,1,2019-01-06,21:45,7,3,5.0,多云
332,88,1,2019-01-06,22:0,7,3,5.0,多云
334,89,1,2019-01-06,22:15,7,3,5.0,多云
253,90,1,2019-01-06,22:30,7,3,5.0,多云
153,91,1,2019-01-06,22:45,7,3,5.0,多云
95,92,1,2019-01-06,23:0,7,3,5.0,多云
42,93,1,2019-01-06,23:15,7,3,5.0,多云
11,94,1,2019-01-06,23:30,7,3,5.0,多云
0,95,1,2019-01-06,23:45,7,3,5.0,多云
0,0,1,2019-01-07,0:0,6,5,5.5,小雨
0,1,1,2019-01-07,0:15,6,5,5.5,小雨
0,2,1,2019-01-07,0:30,6,5,5.5,小雨
0,3,1,2019-01-07,0:45,6,5,5.5,小雨
0,4,1,2019-01-07,1:0,6,5,5.5,小雨
0,5,1,2019-01-07,1:15,6,5,5.5,小雨
0,6,1,2019-01-07,1:30,6,5,5.5,小雨
0,7,1,2019-01-07,1:45,6,5,5.5,小雨
4,8,1,2019-01-07,2:0,6,5,5.5,小雨
0,9,1,2019-01-07,2:15,6,5,5.5,小雨
0,10,1,2019-01-07,2:30,6,5,5.5,小雨
0,11,1,2019-01-07,2:45,6,5,5.5,小雨
0,12,1,2019-01-07,3:0,6,5,5.5,小雨
0,13,1,2019-01-07,3:15,6,5,5.5,小雨
0,14,1,2019-01-07,3:30,6,5,5.5,小雨
0,15,1,2019-01-07,3:45,6,5,5.5,小雨
0,16,1,2019-01-07,4:0,6,5,5.5,小雨
0,17,1,2019-01-07,4:15,6,5,5.5,小雨
0,18,1,2019-01-07,4:30,6,5,5.5,小雨
0,19,1,2019-01-07,4:45,6,5,5.5,小雨
0,20,1,2019-01-07,5:0,6,5,5.5,小雨
0,21,1,2019-01-07,5:15,6,5,5.5,小雨
3,22,1,2019-01-07,5:30,6,5,5.5,小雨
13,23,1,2019-01-07,5:45,6,5,5.5,小雨
29,24,1,2019-01-07,6:0,6,5,5.5,小雨
90,25,1,2019-01-07,6:15,6,5,5.5,小雨
151,26,1,2019-01-07,6:30,6,5,5.5,小雨
175,27,1,2019-01-07,6:45,6,5,5.5,小雨
272,28,1,2019-01-07,7:0,6,5,5.5,小雨
399,29,1,2019-01-07,7:15,6,5,5.5,小雨
640,30,1,2019-01-07,7:30,6,5,5.5,小雨
1001,31,1,2019-01-07,7:45,6,5,5.5,小雨
1554,32,1,2019-01-07,8:0,6,5,5.5,小雨
1886,33,1,2019-01-07,8:15,6,5,5.5,小雨
1995,34,1,2019-01-07,8:30,6,5,5.5,小雨
1983,35,1,2019-01-07,8:45,6,5,5.5,小雨
1035,36,1,2019-01-07,9:0,6,5,5.5,小雨
887,37,1,2019-01-07,9:15,6,5,5.5,小雨
537,38,1,2019-01-07,9:30,6,5,5.5,小雨
554,39,1,2019-01-07,9:45,6,5,5.5,小雨
359,40,1,2019-01-07,10:0,6,5,5.5,小雨
349,41,1,2019-01-07,10:15,6,5,5.5,小雨
406,42,1,2019-01-07,10:30,6,5,5.5,小雨
381,43,1,2019-01-07,10:45,6,5,5.5,小雨
357,44,1,2019-01-07,11:0,6,5,5.5,小雨
334,45,1,2019-01-07,11:15,6,5,5.5,小雨
324,46,1,2019-01-07,11:30,6,5,5.5,小雨
328,47,1,2019-01-07,11:45,6,5,5.5,小雨
393,48,1,2019-01-07,12:0,6,5,5.5,小雨
332,49,1,2019-01-07,12:15,6,5,5.5,小雨
350,50,1,2019-01-07,12:30,6,5,5.5,小雨
374,51,1,2019-01-07,12:45,6,5,5.5,小雨
375,52,1,2019-01-07,13:0,6,5,5.5,小雨
361,53,1,2019-01-07,13:15,6,5,5.5,小雨
390,54,1,2019-01-07,13:30,6,5,5.5,小雨
368,55,1,2019-01-07,13:45,6,5,5.5,小雨
375,56,1,2019-01-07,14:0,6,5,5.5,小雨
353,57,1,2019-01-07,14:15,6,5,5.5,小雨
405,58,1,2019-01-07,14:30,6,5,5.5,小雨
385,59,1,2019-01-07,14:45,6,5,5.5,小雨
389,60,1,2019-01-07,15:0,6,5,5.5,小雨
377,61,1,2019-01-07,15:15,6,5,5.5,小雨
371,62,1,2019-01-07,15:30,6,5,5.5,小雨
383,63,1,2019-01-07,15:45,6,5,5.5,小雨
398,64,1,2019-01-07,16:0,6,5,5.5,小雨
423,65,1,2019-01-07,16:15,6,5,5.5,小雨
443,66,1,2019-01-07,16:30,6,5,5.5,小雨
460,67,1,2019-01-07,16:45,6,5,5.5,小雨
645,68,1,2019-01-07,17:0,6,5,5.5,小雨
949,69,1,2019-01-07,17:15,6,5,5.5,小雨
1202,70,1,2019-01-07,17:30,6,5,5.5,小雨
1345,71,1,2019-01-07,17:45,6,5,5.5,小雨
1307,72,1,2019-01-07,18:0,6,5,5.5,小雨
1404,73,1,2019-01-07,18:15,6,5,5.5,小雨
1088,74,1,2019-01-07,18:30,6,5,5.5,小雨
898,75,1,2019-01-07,18:45,6,5,5.5,小雨
690,76,1,2019-01-07,19:0,6,5,5.5,小雨
709,77,1,2019-01-07,19:15,6,5,5.5,小雨
506,78,1,2019-01-07,19:30,6,5,5.5,小雨
488,79,1,2019-01-07,19:45,6,5,5.5,小雨
561,80,1,2019-01-07,20:0,6,5,5.5,小雨
512,81,1,2019-01-07,20:15,6,5,5.5,小雨
460,82,1,2019-01-07,20:30,6,5,5.5,小雨
418,83,1,2019-01-07,20:45,6,5,5.5,小雨
490,84,1,2019-01-07,21:0,6,5,5.5,小雨
422,85,1,2019-01-07,21:15,6,5,5.5,小雨
441,86,1,2019-01-07,21:30,6,5,5.5,小雨
389,87,1,2019-01-07,21:45,6,5,5.5,小雨
370,88,1,2019-01-07,22:0,6,5,5.5,小雨
263,89,1,2019-01-07,22:15,6,5,5.5,小雨
230,90,1,2019-01-07,22:30,6,5,5.5,小雨
151,91,1,2019-01-07,22:45,6,5,5.5,小雨
82,92,1,2019-01-07,23:0,6,5,5.5,小雨
38,93,1,2019-01-07,23:15,6,5,5.5,小雨
10,94,1,2019-01-07,23:30,6,5,5.5,小雨
0,95,1,2019-01-07,23:45,6,5,5.5,小雨
0,0,1,2019-01-08,0:0,6,4,5.0,阴
0,1,1,2019-01-08,0:15,6,4,5.0,阴
0,2,1,2019-01-08,0:30,6,4,5.0,阴
0,3,1,2019-01-08,0:45,6,4,5.0,阴
0,4,1,2019-01-08,1:0,6,4,5.0,阴
0,5,1,2019-01-08,1:15,6,4,5.0,阴
0,6,1,2019-01-08,1:30,6,4,5.0,阴
0,7,1,2019-01-08,1:45,6,4,5.0,阴
0,8,1,2019-01-08,2:0,6,4,5.0,阴
0,9,1,2019-01-08,2:15,6,4,5.0,阴
0,10,1,2019-01-08,2:30,6,4,5.0,阴
0,11,1,2019-01-08,2:45,6,4,5.0,阴
0,12,1,2019-01-08,3:0,6,4,5.0,阴
0,13,1,2019-01-08,3:15,6,4,5.0,阴
0,14,1,2019-01-08,3:30,6,4,5.0,阴
0,15,1,2019-01-08,3:45,6,4,5.0,阴
0,16,1,2019-01-08,4:0,6,4,5.0,阴
0,17,1,2019-01-08,4:15,6,4,5.0,阴
0,18,1,2019-01-08,4:30,6,4,5.0,阴
0,19,1,2019-01-08,4:45,6,4,5.0,阴
0,20,1,2019-01-08,5:0,6,4,5.0,阴
0,21,1,2019-01-08,5:15,6,4,5.0,阴
0,22,1,2019-01-08,5:30,6,4,5.0,阴
10,23,1,2019-01-08,5:45,6,4,5.0,阴
29,24,1,2019-01-08,6:0,6,4,5.0,阴
83,25,1,2019-01-08,6:15,6,4,5.0,阴
117,26,1,2019-01-08,6:30,6,4,5.0,阴
175,27,1,2019-01-08,6:45,6,4,5.0,阴
270,28,1,2019-01-08,7:0,6,4,5.0,阴
397,29,1,2019-01-08,7:15,6,4,5.0,阴
650,30,1,2019-01-08,7:30,6,4,5.0,阴
915,31,1,2019-01-08,7:45,6,4,5.0,阴
1527,32,1,2019-01-08,8:0,6,4,5.0,阴
1769,33,1,2019-01-08,8:15,6,4,5.0,阴
1924,34,1,2019-01-08,8:30,6,4,5.0,阴
1858,35,1,2019-01-08,8:45,6,4,5.0,阴
980,36,1,2019-01-08,9:0,6,4,5.0,阴
854,37,1,2019-01-08,9:15,6,4,5.0,阴
609,38,1,2019-01-08,9:30,6,4,5.0,阴
532,39,1,2019-01-08,9:45,6,4,5.0,阴
382,40,1,2019-01-08,10:0,6,4,5.0,阴
369,41,1,2019-01-08,10:15,6,4,5.0,阴
391,42,1,2019-01-08,10:30,6,4,5.0,阴
325,43,1,2019-01-08,10:45,6,4,5.0,阴
318,44,1,2019-01-08,11:0,6,4,5.0,阴
326,45,1,2019-01-08,11:15,6,4,5.0,阴
343,46,1,2019-01-08,11:30,6,4,5.0,阴
337,47,1,2019-01-08,11:45,6,4,5.0,阴
367,48,1,2019-01-08,12:0,6,4,5.0,阴
366,49,1,2019-01-08,12:15,6,4,5.0,阴
398,50,1,2019-01-08,12:30,6,4,5.0,阴
385,51,1,2019-01-08,12:45,6,4,5.0,阴
436,52,1,2019-01-08,13:0,6,4,5.0,阴
358,53,1,2019-01-08,13:15,6,4,5.0,阴
380,54,1,2019-01-08,13:30,6,4,5.0,阴
391,55,1,2019-01-08,13:45,6,4,5.0,阴
334,56,1,2019-01-08,14:0,6,4,5.0,阴
390,57,1,2019-01-08,14:15,6,4,5.0,阴
336,58,1,2019-01-08,14:30,6,4,5.0,阴
331,59,1,2019-01-08,14:45,6,4,5.0,阴
350,60,1,2019-01-08,15:0,6,4,5.0,阴
405,61,1,2019-01-08,15:15,6,4,5.0,阴
449,62,1,2019-01-08,15:30,6,4,5.0,阴
429,63,1,2019-01-08,15:45,6,4,5.0,阴
435,64,1,2019-01-08,16:0,6,4,5.0,阴
448,65,1,2019-01-08,16:15,6,4,5.0,阴
445,66,1,2019-01-08,16:30,6,4,5.0,阴
554,67,1,2019-01-08,16:45,6,4,5.0,阴
716,68,1,2019-01-08,17:0,6,4,5.0,阴
907,69,1,2019-01-08,17:15,6,4,5.0,阴
1163,70,1,2019-01-08,17:30,6,4,5.0,阴
1367,71,1,2019-01-08,17:45,6,4,5.0,阴
1249,72,1,2019-01-08,18:0,6,4,5.0,阴
1454,73,1,2019-01-08,18:15,6,4,5.0,阴
1013,74,1,2019-01-08,18:30,6,4,5.0,阴
861,75,1,2019-01-08,18:45,6,4,5.0,阴
715,76,1,2019-01-08,19:0,6,4,5.0,阴
636,77,1,2019-01-08,19:15,6,4,5.0,阴
464,78,1,2019-01-08,19:30,6,4,5.0,阴
482,79,1,2019-01-08,19:45,6,4,5.0,阴
605,80,1,2019-01-08,20:0,6,4,5.0,阴
599,81,1,2019-01-08,20:15,6,4,5.0,阴
541,82,1,2019-01-08,20:30,6,4,5.0,阴
522,83,1,2019-01-08,20:45,6,4,5.0,阴
538,84,1,2019-01-08,21:0,6,4,5.0,阴
497,85,1,2019-01-08,21:15,6,4,5.0,阴
469,86,1,2019-01-08,21:30,6,4,5.0,阴
452,87,1,2019-01-08,21:45,6,4,5.0,阴
364,88,1,2019-01-08,22:0,6,4,5.0,阴
327,89,1,2019-01-08,22:15,6,4,5.0,阴
242,90,1,2019-01-08,22:30,6,4,5.0,阴
193,91,1,2019-01-08,22:45,6,4,5.0,阴
88,92,1,2019-01-08,23:0,6,4,5.0,阴
43,93,1,2019-01-08,23:15,6,4,5.0,阴
11,94,1,2019-01-08,23:30,6,4,5.0,阴
0,95,1,2019-01-08,23:45,6,4,5.0,阴
0,0,2,2019-01-09,0:0,4,4,4.0,小雨
0,1,2,2019-01-09,0:15,4,4,4.0,小雨
0,2,2,2019-01-09,0:30,4,4,4.0,小雨
0,3,2,2019-01-09,0:45,4,4,4.0,小雨
0,4,2,2019-01-09,1:0,4,4,4.0,小雨
0,5,2,2019-01-09,1:15,4,4,4.0,小雨
0,6,2,2019-01-09,1:30,4,4,4.0,小雨
0,7,2,2019-01-09,1:45,4,4,4.0,小雨
0,8,2,2019-01-09,2:0,4,4,4.0,小雨
0,9,2,2019-01-09,2:15,4,4,4.0,小雨
0,10,2,2019-01-09,2:30,4,4,4.0,小雨
0,11,2,2019-01-09,2:45,4,4,4.0,小雨
0,12,2,2019-01-09,3:0,4,4,4.0,小雨
0,13,2,2019-01-09,3:15,4,4,4.0,小雨
0,14,2,2019-01-09,3:30,4,4,4.0,小雨
0,15,2,2019-01-09,3:45,4,4,4.0,小雨
0,16,2,2019-01-09,4:0,4,4,4.0,小雨
0,17,2,2019-01-09,4:15,4,4,4.0,小雨
0,18,2,2019-01-09,4:30,4,4,4.0,小雨
0,19,2,2019-01-09,4:45,4,4,4.0,小雨
0,20,2,2019-01-09,5:0,4,4,4.0,小雨
0,21,2,2019-01-09,5:15,4,4,4.0,小雨
1,22,2,2019-01-09,5:30,4,4,4.0,小雨
15,23,2,2019-01-09,5:45,4,4,4.0,小雨
40,24,2,2019-01-09,6:0,4,4,4.0,小雨
81,25,2,2019-01-09,6:15,4,4,4.0,小雨
137,26,2,2019-01-09,6:30,4,4,4.0,小雨
189,27,2,2019-01-09,6:45,4,4,4.0,小雨
290,28,2,2019-01-09,7:0,4,4,4.0,小雨
395,29,2,2019-01-09,7:15,4,4,4.0,小雨
633,30,2,2019-01-09,7:30,4,4,4.0,小雨
918,31,2,2019-01-09,7:45,4,4,4.0,小雨
1502,32,2,2019-01-09,8:0,4,4,4.0,小雨
1655,33,2,2019-01-09,8:15,4,4,4.0,小雨
2057,34,2,2019-01-09,8:30,4,4,4.0,小雨
1797,35,2,2019-01-09,8:45,4,4,4.0,小雨
1037,36,2,2019-01-09,9:0,4,4,4.0,小雨
865,37,2,2019-01-09,9:15,4,4,4.0,小雨
570,38,2,2019-01-09,9:30,4,4,4.0,小雨
555,39,2,2019-01-09,9:45,4,4,4.0,小雨
390,40,2,2019-01-09,10:0,4,4,4.0,小雨
325,41,2,2019-01-09,10:15,4,4,4.0,小雨
367,42,2,2019-01-09,10:30,4,4,4.0,小雨
362,43,2,2019-01-09,10:45,4,4,4.0,小雨
329,44,2,2019-01-09,11:0,4,4,4.0,小雨
307,45,2,2019-01-09,11:15,4,4,4.0,小雨
342,46,2,2019-01-09,11:30,4,4,4.0,小雨
348,47,2,2019-01-09,11:45,4,4,4.0,小雨
372,48,2,2019-01-09,12:0,4,4,4.0,小雨
389,49,2,2019-01-09,12:15,4,4,4.0,小雨
335,50,2,2019-01-09,12:30,4,4,4.0,小雨
390,51,2,2019-01-09,12:45,4,4,4.0,小雨
393,52,2,2019-01-09,13:0,4,4,4.0,小雨
369,53,2,2019-01-09,13:15,4,4,4.0,小雨
409,54,2,2019-01-09,13:30,4,4,4.0,小雨
374,55,2,2019-01-09,13:45,4,4,4.0,小雨
373,56,2,2019-01-09,14:0,4,4,4.0,小雨
343,57,2,2019-01-09,14:15,4,4,4.0,小雨
360,58,2,2019-01-09,14:30,4,4,4.0,小雨
386,59,2,2019-01-09,14:45,4,4,4.0,小雨
390,60,2,2019-01-09,15:0,4,4,4.0,小雨
367,61,2,2019-01-09,15:15,4,4,4.0,小雨
388,62,2,2019-01-09,15:30,4,4,4.0,小雨
428,63,2,2019-01-09,15:45,4,4,4.0,小雨
443,64,2,2019-01-09,16:0,4,4,4.0,小雨
452,65,2,2019-01-09,16:15,4,4,4.0,小雨
522,66,2,2019-01-09,16:30,4,4,4.0,小雨
496,67,2,2019-01-09,16:45,4,4,4.0,小雨
709,68,2,2019-01-09,17:0,4,4,4.0,小雨
977,69,2,2019-01-09,17:15,4,4,4.0,小雨
1076,70,2,2019-01-09,17:30,4,4,4.0,小雨
1485,71,2,2019-01-09,17:45,4,4,4.0,小雨
1304,72,2,2019-01-09,18:0,4,4,4.0,小雨
1334,73,2,2019-01-09,18:15,4,4,4.0,小雨
1087,74,2,2019-01-09,18:30,4,4,4.0,小雨
808,75,2,2019-01-09,18:45,4,4,4.0,小雨
684,76,2,2019-01-09,19:0,4,4,4.0,小雨
623,77,2,2019-01-09,19:15,4,4,4.0,小雨
512,78,2,2019-01-09,19:30,4,4,4.0,小雨
480,79,2,2019-01-09,19:45,4,4,4.0,小雨
533,80,2,2019-01-09,20:0,4,4,4.0,小雨
539,81,2,2019-01-09,20:15,4,4,4.0,小雨
569,82,2,2019-01-09,20:30,4,4,4.0,小雨
480,83,2,2019-01-09,20:45,4,4,4.0,小雨
531,84,2,2019-01-09,21:0,4,4,4.0,小雨
506,85,2,2019-01-09,21:15,4,4,4.0,小雨
458,86,2,2019-01-09,21:30,4,4,4.0,小雨
413,87,2,2019-01-09,21:45,4,4,4.0,小雨
392,88,2,2019-01-09,22:0,4,4,4.0,小雨
352,89,2,2019-01-09,22:15,4,4,4.0,小雨
237,90,2,2019-01-09,22:30,4,4,4.0,小雨
215,91,2,2019-01-09,22:45,4,4,4.0,小雨
103,92,2,2019-01-09,23:0,4,4,4.0,小雨
47,93,2,2019-01-09,23:15,4,4,4.0,小雨
10,94,2,2019-01-09,23:30,4,4,4.0,小雨
0,95,2,2019-01-09,23:45,4,4,4.0,小雨
0,0,2,2019-01-10,0:0,7,5,6.0,小雨
0,1,2,2019-01-10,0:15,7,5,6.0,小雨
0,2,2,2019-01-10,0:30,7,5,6.0,小雨
0,3,2,2019-01-10,0:45,7,5,6.0,小雨
0,4,2,2019-01-10,1:0,7,5,6.0,小雨
0,5,2,2019-01-10,1:15,7,5,6.0,小雨
0,6,2,2019-01-10,1:30,7,5,6.0,小雨
0,7,2,2019-01-10,1:45,7,5,6.0,小雨
0,8,2,2019-01-10,2:0,7,5,6.0,小雨
0,9,2,2019-01-10,2:15,7,5,6.0,小雨
0,10,2,2019-01-10,2:30,7,5,6.0,小雨
0,11,2,2019-01-10,2:45,7,5,6.0,小雨
0,12,2,2019-01-10,3:0,7,5,6.0,小雨
0,13,2,2019-01-10,3:15,7,5,6.0,小雨
0,14,2,2019-01-10,3:30,7,5,6.0,小雨
0,15,2,2019-01-10,3:45,7,5,6.0,小雨
0,16,2,2019-01-10,4:0,7,5,6.0,小雨
0,17,2,2019-01-10,4:15,7,5,6.0,小雨
0,18,2,2019-01-10,4:30,7,5,6.0,小雨
0,19,2,2019-01-10,4:45,7,5,6.0,小雨
0,20,2,2019-01-10,5:0,7,5,6.0,小雨
0,21,2,2019-01-10,5:15,7,5,6.0,小雨
2,22,2,2019-01-10,5:30,7,5,6.0,小雨
7,23,2,2019-01-10,5:45,7,5,6.0,小雨
33,24,2,2019-01-10,6:0,7,5,6.0,小雨
77,25,2,2019-01-10,6:15,7,5,6.0,小雨
121,26,2,2019-01-10,6:30,7,5,6.0,小雨
184,27,2,2019-01-10,6:45,7,5,6.0,小雨
239,28,2,2019-01-10,7:0,7,5,6.0,小雨
384,29,2,2019-01-10,7:15,7,5,6.0,小雨
602,30,2,2019-01-10,7:30,7,5,6.0,小雨
921,31,2,2019-01-10,7:45,7,5,6.0,小雨
1538,32,2,2019-01-10,8:0,7,5,6.0,小雨
1701,33,2,2019-01-10,8:15,7,5,6.0,小雨
1955,34,2,2019-01-10,8:30,7,5,6.0,小雨
1848,35,2,2019-01-10,8:45,7,5,6.0,小雨
1010,36,2,2019-01-10,9:0,7,5,6.0,小雨
901,37,2,2019-01-10,9:15,7,5,6.0,小雨
573,38,2,2019-01-10,9:30,7,5,6.0,小雨
556,39,2,2019-01-10,9:45,7,5,6.0,小雨
380,40,2,2019-01-10,10:0,7,5,6.0,小雨
350,41,2,2019-01-10,10:15,7,5,6.0,小雨
355,42,2,2019-01-10,10:30,7,5,6.0,小雨
390,43,2,2019-01-10,10:45,7,5,6.0,小雨
348,44,2,2019-01-10,11:0,7,5,6.0,小雨
325,45,2,2019-01-10,11:15,7,5,6.0,小雨
358,46,2,2019-01-10,11:30,7,5,6.0,小雨
341,47,2,2019-01-10,11:45,7,5,6.0,小雨
404,48,2,2019-01-10,12:0,7,5,6.0,小雨
344,49,2,2019-01-10,12:15,7,5,6.0,小雨
377,50,2,2019-01-10,12:30,7,5,6.0,小雨
410,51,2,2019-01-10,12:45,7,5,6.0,小雨
435,52,2,2019-01-10,13:0,7,5,6.0,小雨
391,53,2,2019-01-10,13:15,7,5,6.0,小雨
421,54,2,2019-01-10,13:30,7,5,6.0,小雨
404,55,2,2019-01-10,13:45,7,5,6.0,小雨
383,56,2,2019-01-10,14:0,7,5,6.0,小雨
354,57,2,2019-01-10,14:15,7,5,6.0,小雨
365,58,2,2019-01-10,14:30,7,5,6.0,小雨
338,59,2,2019-01-10,14:45,7,5,6.0,小雨
427,60,2,2019-01-10,15:0,7,5,6.0,小雨
479,61,2,2019-01-10,15:15,7,5,6.0,小雨
423,62,2,2019-01-10,15:30,7,5,6.0,小雨
501,63,2,2019-01-10,15:45,7,5,6.0,小雨
458,64,2,2019-01-10,16:0,7,5,6.0,小雨
438,65,2,2019-01-10,16:15,7,5,6.0,小雨
480,66,2,2019-01-10,16:30,7,5,6.0,小雨
489,67,2,2019-01-10,16:45,7,5,6.0,小雨
677,68,2,2019-01-10,17:0,7,5,6.0,小雨
977,69,2,2019-01-10,17:15,7,5,6.0,小雨
1075,70,2,2019-01-10,17:30,7,5,6.0,小雨
1485,71,2,2019-01-10,17:45,7,5,6.0,小雨
1349,72,2,2019-01-10,18:0,7,5,6.0,小雨
1368,73,2,2019-01-10,18:15,7,5,6.0,小雨
964,74,2,2019-01-10,18:30,7,5,6.0,小雨
883,75,2,2019-01-10,18:45,7,5,6.0,小雨
692,76,2,2019-01-10,19:0,7,5,6.0,小雨
669,77,2,2019-01-10,19:15,7,5,6.0,小雨
555,78,2,2019-01-10,19:30,7,5,6.0,小雨
468,79,2,2019-01-10,19:45,7,5,6.0,小雨
597,80,2,2019-01-10,20:0,7,5,6.0,小雨
565,81,2,2019-01-10,20:15,7,5,6.0,小雨
548,82,2,2019-01-10,20:30,7,5,6.0,小雨
524,83,2,2019-01-10,20:45,7,5,6.0,小雨
540,84,2,2019-01-10,21:0,7,5,6.0,小雨
488,85,2,2019-01-10,21:15,7,5,6.0,小雨
486,86,2,2019-01-10,21:30,7,5,6.0,小雨
409,87,2,2019-01-10,21:45,7,5,6.0,小雨
414,88,2,2019-01-10,22:0,7,5,6.0,小雨
340,89,2,2019-01-10,22:15,7,5,6.0,小雨
239,90,2,2019-01-10,22:30,7,5,6.0,小雨
215,91,2,2019-01-10,22:45,7,5,6.0,小雨
110,92,2,2019-01-10,23:0,7,5,6.0,小雨
40,93,2,2019-01-10,23:15,7,5,6.0,小雨
18,94,2,2019-01-10,23:30,7,5,6.0,小雨
0,95,2,2019-01-10,23:45,7,5,6.0,小雨
0,0,1,2019-01-11,0:0,7,5,6.0,小雨
0,1,1,2019-01-11,0:15,7,5,6.0,小雨
0,2,1,2019-01-11,0:30,7,5,6.0,小雨
0,3,1,2019-01-11,0:45,7,5,6.0,小雨
0,4,1,2019-01-11,1:0,7,5,6.0,小雨
0,5,1,2019-01-11,1:15,7,5,6.0,小雨
0,6,1,2019-01-11,1:30,7,5,6.0,小雨
0,7,1,2019-01-11,1:45,7,5,6.0,小雨
0,8,1,2019-01-11,2:0,7,5,6.0,小雨
0,9,1,2019-01-11,2:15,7,5,6.0,小雨
0,10,1,2019-01-11,2:30,7,5,6.0,小雨
0,11,1,2019-01-11,2:45,7,5,6.0,小雨
0,12,1,2019-01-11,3:0,7,5,6.0,小雨
0,13,1,2019-01-11,3:15,7,5,6.0,小雨
0,14,1,2019-01-11,3:30,7,5,6.0,小雨
0,15,1,2019-01-11,3:45,7,5,6.0,小雨
0,16,1,2019-01-11,4:0,7,5,6.0,小雨
0,17,1,2019-01-11,4:15,7,5,6.0,小雨
0,18,1,2019-01-11,4:30,7,5,6.0,小雨
0,19,1,2019-01-11,4:45,7,5,6.0,小雨
0,20,1,2019-01-11,5:0,7,5,6.0,小雨
0,21,1,2019-01-11,5:15,7,5,6.0,小雨
0,22,1,2019-01-11,5:30,7,5,6.0,小雨
10,23,1,2019-01-11,5:45,7,5,6.0,小雨
27,24,1,2019-01-11,6:0,7,5,6.0,小雨
45,25,1,2019-01-11,6:15,7,5,6.0,小雨
122,26,1,2019-01-11,6:30,7,5,6.0,小雨
160,27,1,2019-01-11,6:45,7,5,6.0,小雨
266,28,1,2019-01-11,7:0,7,5,6.0,小雨
399,29,1,2019-01-11,7:15,7,5,6.0,小雨
612,30,1,2019-01-11,7:30,7,5,6.0,小雨
886,31,1,2019-01-11,7:45,7,5,6.0,小雨
1451,32,1,2019-01-11,8:0,7,5,6.0,小雨
1797,33,1,2019-01-11,8:15,7,5,6.0,小雨
1869,34,1,2019-01-11,8:30,7,5,6.0,小雨
1826,35,1,2019-01-11,8:45,7,5,6.0,小雨
1030,36,1,2019-01-11,9:0,7,5,6.0,小雨
878,37,1,2019-01-11,9:15,7,5,6.0,小雨
600,38,1,2019-01-11,9:30,7,5,6.0,小雨
535,39,1,2019-01-11,9:45,7,5,6.0,小雨
373,40,1,2019-01-11,10:0,7,5,6.0,小雨
343,41,1,2019-01-11,10:15,7,5,6.0,小雨
356,42,1,2019-01-11,10:30,7,5,6.0,小雨
355,43,1,2019-01-11,10:45,7,5,6.0,小雨
340,44,1,2019-01-11,11:0,7,5,6.0,小雨
326,45,1,2019-01-11,11:15,7,5,6.0,小雨
379,46,1,2019-01-11,11:30,7,5,6.0,小雨
354,47,1,2019-01-11,11:45,7,5,6.0,小雨
395,48,1,2019-01-11,12:0,7,5,6.0,小雨
381,49,1,2019-01-11,12:15,7,5,6.0,小雨
396,50,1,2019-01-11,12:30,7,5,6.0,小雨
452,51,1,2019-01-11,12:45,7,5,6.0,小雨
436,52,1,2019-01-11,13:0,7,5,6.0,小雨
375,53,1,2019-01-11,13:15,7,5,6.0,小雨
463,54,1,2019-01-11,13:30,7,5,6.0,小雨
447,55,1,2019-01-11,13:45,7,5,6.0,小雨
432,56,1,2019-01-11,14:0,7,5,6.0,小雨
427,57,1,2019-01-11,14:15,7,5,6.0,小雨
449,58,1,2019-01-11,14:30,7,5,6.0,小雨
394,59,1,2019-01-11,14:45,7,5,6.0,小雨
469,60,1,2019-01-11,15:0,7,5,6.0,小雨
457,61,1,2019-01-11,15:15,7,5,6.0,小雨
532,62,1,2019-01-11,15:30,7,5,6.0,小雨
565,63,1,2019-01-11,15:45,7,5,6.0,小雨
605,64,1,2019-01-11,16:0,7,5,6.0,小雨
482,65,1,2019-01-11,16:15,7,5,6.0,小雨
532,66,1,2019-01-11,16:30,7,5,6.0,小雨
570,67,1,2019-01-11,16:45,7,5,6.0,小雨
785,68,1,2019-01-11,17:0,7,5,6.0,小雨
889,69,1,2019-01-11,17:15,7,5,6.0,小雨
1115,70,1,2019-01-11,17:30,7,5,6.0,小雨
1506,71,1,2019-01-11,17:45,7,5,6.0,小雨
1295,72,1,2019-01-11,18:0,7,5,6.0,小雨
1463,73,1,2019-01-11,18:15,7,5,6.0,小雨
1103,74,1,2019-01-11,18:30,7,5,6.0,小雨
968,75,1,2019-01-11,18:45,7,5,6.0,小雨
805,76,1,2019-01-11,19:0,7,5,6.0,小雨
750,77,1,2019-01-11,19:15,7,5,6.0,小雨
632,78,1,2019-01-11,19:30,7,5,6.0,小雨
552,79,1,2019-01-11,19:45,7,5,6.0,小雨
572,80,1,2019-01-11,20:0,7,5,6.0,小雨
551,81,1,2019-01-11,20:15,7,5,6.0,小雨
502,82,1,2019-01-11,20:30,7,5,6.0,小雨
522,83,1,2019-01-11,20:45,7,5,6.0,小雨
521,84,1,2019-01-11,21:0,7,5,6.0,小雨
533,85,1,2019-01-11,21:15,7,5,6.0,小雨
521,86,1,2019-01-11,21:30,7,5,6.0,小雨
476,87,1,2019-01-11,21:45,7,5,6.0,小雨
487,88,1,2019-01-11,22:0,7,5,6.0,小雨
478,89,1,2019-01-11,22:15,7,5,6.0,小雨
299,90,1,2019-01-11,22:30,7,5,6.0,小雨
221,91,1,2019-01-11,22:45,7,5,6.0,小雨
135,92,1,2019-01-11,23:0,7,5,6.0,小雨
66,93,1,2019-01-11,23:15,7,5,6.0,小雨
13,94,1,2019-01-11,23:30,7,5,6.0,小雨
0,95,1,2019-01-11,23:45,7,5,6.0,小雨
0,0,1,2019-01-12,0:0,7,3,5.0,阴
0,1,1,2019-01-12,0:15,7,3,5.0,阴
0,2,1,2019-01-12,0:30,7,3,5.0,阴
0,3,1,2019-01-12,0:45,7,3,5.0,阴
0,4,1,2019-01-12,1:0,7,3,5.0,阴
0,5,1,2019-01-12,1:15,7,3,5.0,阴
0,6,1,2019-01-12,1:30,7,3,5.0,阴
0,7,1,2019-01-12,1:45,7,3,5.0,阴
0,8,1,2019-01-12,2:0,7,3,5.0,阴
0,9,1,2019-01-12,2:15,7,3,5.0,阴
0,10,1,2019-01-12,2:30,7,3,5.0,阴
0,11,1,2019-01-12,2:45,7,3,5.0,阴
0,12,1,2019-01-12,3:0,7,3,5.0,阴
0,13,1,2019-01-12,3:15,7,3,5.0,阴
0,14,1,2019-01-12,3:30,7,3,5.0,阴
0,15,1,2019-01-12,3:45,7,3,5.0,阴
0,16,1,2019-01-12,4:0,7,3,5.0,阴
0,17,1,2019-01-12,4:15,7,3,5.0,阴
0,18,1,2019-01-12,4:30,7,3,5.0,阴
0,19,1,2019-01-12,4:45,7,3,5.0,阴
2,20,1,2019-01-12,5:0,7,3,5.0,阴
0,21,1,2019-01-12,5:15,7,3,5.0,阴
3,22,1,2019-01-12,5:30,7,3,5.0,阴
11,23,1,2019-01-12,5:45,7,3,5.0,阴
28,24,1,2019-01-12,6:0,7,3,5.0,阴
51,25,1,2019-01-12,6:15,7,3,5.0,阴
71,26,1,2019-01-12,6:30,7,3,5.0,阴
105,27,1,2019-01-12,6:45,7,3,5.0,阴
157,28,1,2019-01-12,7:0,7,3,5.0,阴
245,29,1,2019-01-12,7:15,7,3,5.0,阴
342,30,1,2019-01-12,7:30,7,3,5.0,阴
354,31,1,2019-01-12,7:45,7,3,5.0,阴
541,32,1,2019-01-12,8:0,7,3,5.0,阴
574,33,1,2019-01-12,8:15,7,3,5.0,阴
669,34,1,2019-01-12,8:30,7,3,5.0,阴
571,35,1,2019-01-12,8:45,7,3,5.0,阴
615,36,1,2019-01-12,9:0,7,3,5.0,阴
513,37,1,2019-01-12,9:15,7,3,5.0,阴
453,38,1,2019-01-12,9:30,7,3,5.0,阴
452,39,1,2019-01-12,9:45,7,3,5.0,阴
381,40,1,2019-01-12,10:0,7,3,5.0,阴
411,41,1,2019-01-12,10:15,7,3,5.0,阴
378,42,1,2019-01-12,10:30,7,3,5.0,阴
416,43,1,2019-01-12,10:45,7,3,5.0,阴
319,44,1,2019-01-12,11:0,7,3,5.0,阴
363,45,1,2019-01-12,11:15,7,3,5.0,阴
375,46,1,2019-01-12,11:30,7,3,5.0,阴
436,47,1,2019-01-12,11:45,7,3,5.0,阴
428,48,1,2019-01-12,12:0,7,3,5.0,阴
427,49,1,2019-01-12,12:15,7,3,5.0,阴
523,50,1,2019-01-12,12:30,7,3,5.0,阴
542,51,1,2019-01-12,12:45,7,3,5.0,阴
476,52,1,2019-01-12,13:0,7,3,5.0,阴
488,53,1,2019-01-12,13:15,7,3,5.0,阴
469,54,1,2019-01-12,13:30,7,3,5.0,阴
461,55,1,2019-01-12,13:45,7,3,5.0,阴
489,56,1,2019-01-12,14:0,7,3,5.0,阴
520,57,1,2019-01-12,14:15,7,3,5.0,阴
409,58,1,2019-01-12,14:30,7,3,5.0,阴
496,59,1,2019-01-12,14:45,7,3,5.0,阴
524,60,1,2019-01-12,15:0,7,3,5.0,阴
450,61,1,2019-01-12,15:15,7,3,5.0,阴
514,62,1,2019-01-12,15:30,7,3,5.0,阴
514,63,1,2019-01-12,15:45,7,3,5.0,阴
563,64,1,2019-01-12,16:0,7,3,5.0,阴
570,65,1,2019-01-12,16:15,7,3,5.0,阴
614,66,1,2019-01-12,16:30,7,3,5.0,阴
636,67,1,2019-01-12,16:45,7,3,5.0,阴
703,68,1,2019-01-12,17:0,7,3,5.0,阴
626,69,1,2019-01-12,17:15,7,3,5.0,阴
700,70,1,2019-01-12,17:30,7,3,5.0,阴
725,71,1,2019-01-12,17:45,7,3,5.0,阴
702,72,1,2019-01-12,18:0,7,3,5.0,阴
800,73,1,2019-01-12,18:15,7,3,5.0,阴
575,74,1,2019-01-12,18:30,7,3,5.0,阴
520,75,1,2019-01-12,18:45,7,3,5.0,阴
495,76,1,2019-01-12,19:0,7,3,5.0,阴
524,77,1,2019-01-12,19:15,7,3,5.0,阴
455,78,1,2019-01-12,19:30,7,3,5.0,阴
437,79,1,2019-01-12,19:45,7,3,5.0,阴
508,80,1,2019-01-12,20:0,7,3,5.0,阴
491,81,1,2019-01-12,20:15,7,3,5.0,阴
447,82,1,2019-01-12,20:30,7,3,5.0,阴
478,83,1,2019-01-12,20:45,7,3,5.0,阴
513,84,1,2019-01-12,21:0,7,3,5.0,阴
404,85,1,2019-01-12,21:15,7,3,5.0,阴
422,86,1,2019-01-12,21:30,7,3,5.0,阴
383,87,1,2019-01-12,21:45,7,3,5.0,阴
442,88,1,2019-01-12,22:0,7,3,5.0,阴
367,89,1,2019-01-12,22:15,7,3,5.0,阴
298,90,1,2019-01-12,22:30,7,3,5.0,阴
212,91,1,2019-01-12,22:45,7,3,5.0,阴
137,92,1,2019-01-12,23:0,7,3,5.0,阴
87,93,1,2019-01-12,23:15,7,3,5.0,阴
12,94,1,2019-01-12,23:30,7,3,5.0,阴
0,95,1,2019-01-12,23:45,7,3,5.0,阴
0,0,1,2019-01-13,0:0,7,3,5.0,多云
0,1,1,2019-01-13,0:15,7,3,5.0,多云
0,2,1,2019-01-13,0:30,7,3,5.0,多云
0,3,1,2019-01-13,0:45,7,3,5.0,多云
0,4,1,2019-01-13,1:0,7,3,5.0,多云
0,5,1,2019-01-13,1:15,7,3,5.0,多云
0,6,1,2019-01-13,1:30,7,3,5.0,多云
0,7,1,2019-01-13,1:45,7,3,5.0,多云
0,8,1,2019-01-13,2:0,7,3,5.0,多云
0,9,1,2019-01-13,2:15,7,3,5.0,多云
0,10,1,2019-01-13,2:30,7,3,5.0,多云
0,11,1,2019-01-13,2:45,7,3,5.0,多云
0,12,1,2019-01-13,3:0,7,3,5.0,多云
0,13,1,2019-01-13,3:15,7,3,5.0,多云
0,14,1,2019-01-13,3:30,7,3,5.0,多云
0,15,1,2019-01-13,3:45,7,3,5.0,多云
0,16,1,2019-01-13,4:0,7,3,5.0,多云
0,17,1,2019-01-13,4:15,7,3,5.0,多云
0,18,1,2019-01-13,4:30,7,3,5.0,多云
0,19,1,2019-01-13,4:45,7,3,5.0,多云
0,20,1,2019-01-13,5:0,7,3,5.0,多云
0,21,1,2019-01-13,5:15,7,3,5.0,多云
1,22,1,2019-01-13,5:30,7,3,5.0,多云
11,23,1,2019-01-13,5:45,7,3,5.0,多云
27,24,1,2019-01-13,6:0,7,3,5.0,多云
45,25,1,2019-01-13,6:15,7,3,5.0,多云
90,26,1,2019-01-13,6:30,7,3,5.0,多云
86,27,1,2019-01-13,6:45,7,3,5.0,多云
154,28,1,2019-01-13,7:0,7,3,5.0,多云
217,29,1,2019-01-13,7:15,7,3,5.0,多云
279,30,1,2019-01-13,7:30,7,3,5.0,多云
269,31,1,2019-01-13,7:45,7,3,5.0,多云
347,32,1,2019-01-13,8:0,7,3,5.0,多云
406,33,1,2019-01-13,8:15,7,3,5.0,多云
480,34,1,2019-01-13,8:30,7,3,5.0,多云
439,35,1,2019-01-13,8:45,7,3,5.0,多云
453,36,1,2019-01-13,9:0,7,3,5.0,多云
412,37,1,2019-01-13,9:15,7,3,5.0,多云
431,38,1,2019-01-13,9:30,7,3,5.0,多云
448,39,1,2019-01-13,9:45,7,3,5.0,多云
369,40,1,2019-01-13,10:0,7,3,5.0,多云
371,41,1,2019-01-13,10:15,7,3,5.0,多云
328,42,1,2019-01-13,10:30,7,3,5.0,多云
362,43,1,2019-01-13,10:45,7,3,5.0,多云
400,44,1,2019-01-13,11:0,7,3,5.0,多云
333,45,1,2019-01-13,11:15,7,3,5.0,多云
384,46,1,2019-01-13,11:30,7,3,5.0,多云
452,47,1,2019-01-13,11:45,7,3,5.0,多云
362,48,1,2019-01-13,12:0,7,3,5.0,多云
399,49,1,2019-01-13,12:15,7,3,5.0,多云
444,50,1,2019-01-13,12:30,7,3,5.0,多云
419,51,1,2019-01-13,12:45,7,3,5.0,多云
454,52,1,2019-01-13,13:0,7,3,5.0,多云
450,53,1,2019-01-13,13:15,7,3,5.0,多云
481,54,1,2019-01-13,13:30,7,3,5.0,多云
435,55,1,2019-01-13,13:45,7,3,5.0,多云
488,56,1,2019-01-13,14:0,7,3,5.0,多云
461,57,1,2019-01-13,14:15,7,3,5.0,多云
430,58,1,2019-01-13,14:30,7,3,5.0,多云
456,59,1,2019-01-13,14:45,7,3,5.0,多云
447,60,1,2019-01-13,15:0,7,3,5.0,多云
517,61,1,2019-01-13,15:15,7,3,5.0,多云
564,62,1,2019-01-13,15:30,7,3,5.0,多云
487,63,1,2019-01-13,15:45,7,3,5.0,多云
592,64,1,2019-01-13,16:0,7,3,5.0,多云
454,65,1,2019-01-13,16:15,7,3,5.0,多云
474,66,1,2019-01-13,16:30,7,3,5.0,多云
585,67,1,2019-01-13,16:45,7,3,5.0,多云
656,68,1,2019-01-13,17:0,7,3,5.0,多云
554,69,1,2019-01-13,17:15,7,3,5.0,多云
619,70,1,2019-01-13,17:30,7,3,5.0,多云
644,71,1,2019-01-13,17:45,7,3,5.0,多云
590,72,1,2019-01-13,18:0,7,3,5.0,多云
635,73,1,2019-01-13,18:15,7,3,5.0,多云
474,74,1,2019-01-13,18:30,7,3,5.0,多云
524,75,1,2019-01-13,18:45,7,3,5.0,多云
447,76,1,2019-01-13,19:0,7,3,5.0,多云
469,77,1,2019-01-13,19:15,7,3,5.0,多云
413,78,1,2019-01-13,19:30,7,3,5.0,多云
406,79,1,2019-01-13,19:45,7,3,5.0,多云
455,80,1,2019-01-13,20:0,7,3,5.0,多云
419,81,1,2019-01-13,20:15,7,3,5.0,多云
441,82,1,2019-01-13,20:30,7,3,5.0,多云
441,83,1,2019-01-13,20:45,7,3,5.0,多云
431,84,1,2019-01-13,21:0,7,3,5.0,多云
419,85,1,2019-01-13,21:15,7,3,5.0,多云
354,86,1,2019-01-13,21:30,7,3,5.0,多云
339,87,1,2019-01-13,21:45,7,3,5.0,多云
352,88,1,2019-01-13,22:0,7,3,5.0,多云
345,89,1,2019-01-13,22:15,7,3,5.0,多云
233,90,1,2019-01-13,22:30,7,3,5.0,多云
170,91,1,2019-01-13,22:45,7,3,5.0,多云
80,92,1,2019-01-13,23:0,7,3,5.0,多云
40,93,1,2019-01-13,23:15,7,3,5.0,多云
11,94,1,2019-01-13,23:30,7,3,5.0,多云
0,95,1,2019-01-13,23:45,7,3,5.0,多云
0,0,1,2019-01-14,0:0,7,4,5.5,阴
0,1,1,2019-01-14,0:15,7,4,5.5,阴
0,2,1,2019-01-14,0:30,7,4,5.5,阴
0,3,1,2019-01-14,0:45,7,4,5.5,阴
0,4,1,2019-01-14,1:0,7,4,5.5,阴
0,5,1,2019-01-14,1:15,7,4,5.5,阴
0,6,1,2019-01-14,1:30,7,4,5.5,阴
0,7,1,2019-01-14,1:45,7,4,5.5,阴
0,8,1,2019-01-14,2:0,7,4,5.5,阴
0,9,1,2019-01-14,2:15,7,4,5.5,阴
0,10,1,2019-01-14,2:30,7,4,5.5,阴
0,11,1,2019-01-14,2:45,7,4,5.5,阴
0,12,1,2019-01-14,3:0,7,4,5.5,阴
0,13,1,2019-01-14,3:15,7,4,5.5,阴
0,14,1,2019-01-14,3:30,7,4,5.5,阴
0,15,1,2019-01-14,3:45,7,4,5.5,阴
0,16,1,2019-01-14,4:0,7,4,5.5,阴
0,17,1,2019-01-14,4:15,7,4,5.5,阴
0,18,1,2019-01-14,4:30,7,4,5.5,阴
0,19,1,2019-01-14,4:45,7,4,5.5,阴
0,20,1,2019-01-14,5:0,7,4,5.5,阴
0,21,1,2019-01-14,5:15,7,4,5.5,阴
0,22,1,2019-01-14,5:30,7,4,5.5,阴
12,23,1,2019-01-14,5:45,7,4,5.5,阴
28,24,1,2019-01-14,6:0,7,4,5.5,阴
75,25,1,2019-01-14,6:15,7,4,5.5,阴
132,26,1,2019-01-14,6:30,7,4,5.5,阴
186,27,1,2019-01-14,6:45,7,4,5.5,阴
271,28,1,2019-01-14,7:0,7,4,5.5,阴
409,29,1,2019-01-14,7:15,7,4,5.5,阴
640,30,1,2019-01-14,7:30,7,4,5.5,阴
1006,31,1,2019-01-14,7:45,7,4,5.5,阴
1624,32,1,2019-01-14,8:0,7,4,5.5,阴
1915,33,1,2019-01-14,8:15,7,4,5.5,阴
1952,34,1,2019-01-14,8:30,7,4,5.5,阴
1859,35,1,2019-01-14,8:45,7,4,5.5,阴
962,36,1,2019-01-14,9:0,7,4,5.5,阴
864,37,1,2019-01-14,9:15,7,4,5.5,阴
578,38,1,2019-01-14,9:30,7,4,5.5,阴
549,39,1,2019-01-14,9:45,7,4,5.5,阴
375,40,1,2019-01-14,10:0,7,4,5.5,阴
390,41,1,2019-01-14,10:15,7,4,5.5,阴
334,42,1,2019-01-14,10:30,7,4,5.5,阴
362,43,1,2019-01-14,10:45,7,4,5.5,阴
344,44,1,2019-01-14,11:0,7,4,5.5,阴
394,45,1,2019-01-14,11:15,7,4,5.5,阴
355,46,1,2019-01-14,11:30,7,4,5.5,阴
370,47,1,2019-01-14,11:45,7,4,5.5,阴
356,48,1,2019-01-14,12:0,7,4,5.5,阴
425,49,1,2019-01-14,12:15,7,4,5.5,阴
375,50,1,2019-01-14,12:30,7,4,5.5,阴
427,51,1,2019-01-14,12:45,7,4,5.5,阴
439,52,1,2019-01-14,13:0,7,4,5.5,阴
452,53,1,2019-01-14,13:15,7,4,5.5,阴
456,54,1,2019-01-14,13:30,7,4,5.5,阴
390,55,1,2019-01-14,13:45,7,4,5.5,阴
419,56,1,2019-01-14,14:0,7,4,5.5,阴
362,57,1,2019-01-14,14:15,7,4,5.5,阴
394,58,1,2019-01-14,14:30,7,4,5.5,阴
424,59,1,2019-01-14,14:45,7,4,5.5,阴
401,60,1,2019-01-14,15:0,7,4,5.5,阴
470,61,1,2019-01-14,15:15,7,4,5.5,阴
478,62,1,2019-01-14,15:30,7,4,5.5,阴
495,63,1,2019-01-14,15:45,7,4,5.5,阴
498,64,1,2019-01-14,16:0,7,4,5.5,阴
473,65,1,2019-01-14,16:15,7,4,5.5,阴
489,66,1,2019-01-14,16:30,7,4,5.5,阴
551,67,1,2019-01-14,16:45,7,4,5.5,阴
715,68,1,2019-01-14,17:0,7,4,5.5,阴
940,69,1,2019-01-14,17:15,7,4,5.5,阴
1054,70,1,2019-01-14,17:30,7,4,5.5,阴
1469,71,1,2019-01-14,17:45,7,4,5.5,阴
1303,72,1,2019-01-14,18:0,7,4,5.5,阴
1493,73,1,2019-01-14,18:15,7,4,5.5,阴
949,74,1,2019-01-14,18:30,7,4,5.5,阴
851,75,1,2019-01-14,18:45,7,4,5.5,阴
732,76,1,2019-01-14,19:0,7,4,5.5,阴
706,77,1,2019-01-14,19:15,7,4,5.5,阴
573,78,1,2019-01-14,19:30,7,4,5.5,阴
518,79,1,2019-01-14,19:45,7,4,5.5,阴
546,80,1,2019-01-14,20:0,7,4,5.5,阴
521,81,1,2019-01-14,20:15,7,4,5.5,阴
478,82,1,2019-01-14,20:30,7,4,5.5,阴
503,83,1,2019-01-14,20:45,7,4,5.5,阴
500,84,1,2019-01-14,21:0,7,4,5.5,阴
490,85,1,2019-01-14,21:15,7,4,5.5,阴
419,86,1,2019-01-14,21:30,7,4,5.5,阴
381,87,1,2019-01-14,21:45,7,4,5.5,阴
362,88,1,2019-01-14,22:0,7,4,5.5,阴
321,89,1,2019-01-14,22:15,7,4,5.5,阴
221,90,1,2019-01-14,22:30,7,4,5.5,阴
192,91,1,2019-01-14,22:45,7,4,5.5,阴
131,92,1,2019-01-14,23:0,7,4,5.5,阴
55,93,1,2019-01-14,23:15,7,4,5.5,阴
7,94,1,2019-01-14,23:30,7,4,5.5,阴
0,95,1,2019-01-14,23:45,7,4,5.5,阴
0,0,1,2019-01-15,0:0,6,2,4.0,小雨
0,1,1,2019-01-15,0:15,6,2,4.0,小雨
0,2,1,2019-01-15,0:30,6,2,4.0,小雨
0,3,1,2019-01-15,0:45,6,2,4.0,小雨
0,4,1,2019-01-15,1:0,6,2,4.0,小雨
0,5,1,2019-01-15,1:15,6,2,4.0,小雨
0,6,1,2019-01-15,1:30,6,2,4.0,小雨
0,7,1,2019-01-15,1:45,6,2,4.0,小雨
0,8,1,2019-01-15,2:0,6,2,4.0,小雨
0,9,1,2019-01-15,2:15,6,2,4.0,小雨
0,10,1,2019-01-15,2:30,6,2,4.0,小雨
0,11,1,2019-01-15,2:45,6,2,4.0,小雨
0,12,1,2019-01-15,3:0,6,2,4.0,小雨
0,13,1,2019-01-15,3:15,6,2,4.0,小雨
0,14,1,2019-01-15,3:30,6,2,4.0,小雨
0,15,1,2019-01-15,3:45,6,2,4.0,小雨
0,16,1,2019-01-15,4:0,6,2,4.0,小雨
0,17,1,2019-01-15,4:15,6,2,4.0,小雨
0,18,1,2019-01-15,4:30,6,2,4.0,小雨
0,19,1,2019-01-15,4:45,6,2,4.0,小雨
0,20,1,2019-01-15,5:0,6,2,4.0,小雨
0,21,1,2019-01-15,5:15,6,2,4.0,小雨
0,22,1,2019-01-15,5:30,6,2,4.0,小雨
10,23,1,2019-01-15,5:45,6,2,4.0,小雨
39,24,1,2019-01-15,6:0,6,2,4.0,小雨
60,25,1,2019-01-15,6:15,6,2,4.0,小雨
128,26,1,2019-01-15,6:30,6,2,4.0,小雨
159,27,1,2019-01-15,6:45,6,2,4.0,小雨
248,28,1,2019-01-15,7:0,6,2,4.0,小雨
398,29,1,2019-01-15,7:15,6,2,4.0,小雨
633,30,1,2019-01-15,7:30,6,2,4.0,小雨
942,31,1,2019-01-15,7:45,6,2,4.0,小雨
1590,32,1,2019-01-15,8:0,6,2,4.0,小雨
1810,33,1,2019-01-15,8:15,6,2,4.0,小雨
1852,34,1,2019-01-15,8:30,6,2,4.0,小雨
1863,35,1,2019-01-15,8:45,6,2,4.0,小雨
1025,36,1,2019-01-15,9:0,6,2,4.0,小雨
885,37,1,2019-01-15,9:15,6,2,4.0,小雨
556,38,1,2019-01-15,9:30,6,2,4.0,小雨
509,39,1,2019-01-15,9:45,6,2,4.0,小雨
462,40,1,2019-01-15,10:0,6,2,4.0,小雨
354,41,1,2019-01-15,10:15,6,2,4.0,小雨
364,42,1,2019-01-15,10:30,6,2,4.0,小雨
374,43,1,2019-01-15,10:45,6,2,4.0,小雨
304,44,1,2019-01-15,11:0,6,2,4.0,小雨
359,45,1,2019-01-15,11:15,6,2,4.0,小雨
376,46,1,2019-01-15,11:30,6,2,4.0,小雨
363,47,1,2019-01-15,11:45,6,2,4.0,小雨
340,48,1,2019-01-15,12:0,6,2,4.0,小雨
372,49,1,2019-01-15,12:15,6,2,4.0,小雨
367,50,1,2019-01-15,12:30,6,2,4.0,小雨
393,51,1,2019-01-15,12:45,6,2,4.0,小雨
405,52,1,2019-01-15,13:0,6,2,4.0,小雨
420,53,1,2019-01-15,13:15,6,2,4.0,小雨
366,54,1,2019-01-15,13:30,6,2,4.0,小雨
365,55,1,2019-01-15,13:45,6,2,4.0,小雨
380,56,1,2019-01-15,14:0,6,2,4.0,小雨
347,57,1,2019-01-15,14:15,6,2,4.0,小雨
358,58,1,2019-01-15,14:30,6,2,4.0,小雨
356,59,1,2019-01-15,14:45,6,2,4.0,小雨
351,60,1,2019-01-15,15:0,6,2,4.0,小雨
452,61,1,2019-01-15,15:15,6,2,4.0,小雨
420,62,1,2019-01-15,15:30,6,2,4.0,小雨
462,63,1,2019-01-15,15:45,6,2,4.0,小雨
461,64,1,2019-01-15,16:0,6,2,4.0,小雨
456,65,1,2019-01-15,16:15,6,2,4.0,小雨
491,66,1,2019-01-15,16:30,6,2,4.0,小雨
494,67,1,2019-01-15,16:45,6,2,4.0,小雨
720,68,1,2019-01-15,17:0,6,2,4.0,小雨
924,69,1,2019-01-15,17:15,6,2,4.0,小雨
1139,70,1,2019-01-15,17:30,6,2,4.0,小雨
1401,71,1,2019-01-15,17:45,6,2,4.0,小雨
1243,72,1,2019-01-15,18:0,6,2,4.0,小雨
1405,73,1,2019-01-15,18:15,6,2,4.0,小雨
928,74,1,2019-01-15,18:30,6,2,4.0,小雨
840,75,1,2019-01-15,18:45,6,2,4.0,小雨
701,76,1,2019-01-15,19:0,6,2,4.0,小雨
657,77,1,2019-01-15,19:15,6,2,4.0,小雨
602,78,1,2019-01-15,19:30,6,2,4.0,小雨
507,79,1,2019-01-15,19:45,6,2,4.0,小雨
529,80,1,2019-01-15,20:0,6,2,4.0,小雨
597,81,1,2019-01-15,20:15,6,2,4.0,小雨
535,82,1,2019-01-15,20:30,6,2,4.0,小雨
508,83,1,2019-01-15,20:45,6,2,4.0,小雨
570,84,1,2019-01-15,21:0,6,2,4.0,小雨
459,85,1,2019-01-15,21:15,6,2,4.0,小雨
471,86,1,2019-01-15,21:30,6,2,4.0,小雨
387,87,1,2019-01-15,21:45,6,2,4.0,小雨
348,88,1,2019-01-15,22:0,6,2,4.0,小雨
305,89,1,2019-01-15,22:15,6,2,4.0,小雨
249,90,1,2019-01-15,22:30,6,2,4.0,小雨
197,91,1,2019-01-15,22:45,6,2,4.0,小雨
98,92,1,2019-01-15,23:0,6,2,4.0,小雨
56,93,1,2019-01-15,23:15,6,2,4.0,小雨
12,94,1,2019-01-15,23:30,6,2,4.0,小雨
0,95,1,2019-01-15,23:45,6,2,4.0,小雨
0,0,2,2019-01-16,0:0,4,1,2.5,阴
0,1,2,2019-01-16,0:15,4,1,2.5,阴
0,2,2,2019-01-16,0:30,4,1,2.5,阴
0,3,2,2019-01-16,0:45,4,1,2.5,阴
0,4,2,2019-01-16,1:0,4,1,2.5,阴
0,5,2,2019-01-16,1:15,4,1,2.5,阴
0,6,2,2019-01-16,1:30,4,1,2.5,阴
0,7,2,2019-01-16,1:45,4,1,2.5,阴
0,8,2,2019-01-16,2:0,4,1,2.5,阴
0,9,2,2019-01-16,2:15,4,1,2.5,阴
0,10,2,2019-01-16,2:30,4,1,2.5,阴
0,11,2,2019-01-16,2:45,4,1,2.5,阴
0,12,2,2019-01-16,3:0,4,1,2.5,阴
0,13,2,2019-01-16,3:15,4,1,2.5,阴
0,14,2,2019-01-16,3:30,4,1,2.5,阴
0,15,2,2019-01-16,3:45,4,1,2.5,阴
0,16,2,2019-01-16,4:0,4,1,2.5,阴
0,17,2,2019-01-16,4:15,4,1,2.5,阴
0,18,2,2019-01-16,4:30,4,1,2.5,阴
0,19,2,2019-01-16,4:45,4,1,2.5,阴
0,20,2,2019-01-16,5:0,4,1,2.5,阴
1,21,2,2019-01-16,5:15,4,1,2.5,阴
0,22,2,2019-01-16,5:30,4,1,2.5,阴
8,23,2,2019-01-16,5:45,4,1,2.5,阴
46,24,2,2019-01-16,6:0,4,1,2.5,阴
72,25,2,2019-01-16,6:15,4,1,2.5,阴
133,26,2,2019-01-16,6:30,4,1,2.5,阴
165,27,2,2019-01-16,6:45,4,1,2.5,阴
259,28,2,2019-01-16,7:0,4,1,2.5,阴
387,29,2,2019-01-16,7:15,4,1,2.5,阴
599,30,2,2019-01-16,7:30,4,1,2.5,阴
983,31,2,2019-01-16,7:45,4,1,2.5,阴
1542,32,2,2019-01-16,8:0,4,1,2.5,阴
1753,33,2,2019-01-16,8:15,4,1,2.5,阴
1935,34,2,2019-01-16,8:30,4,1,2.5,阴
1784,35,2,2019-01-16,8:45,4,1,2.5,阴
979,36,2,2019-01-16,9:0,4,1,2.5,阴
916,37,2,2019-01-16,9:15,4,1,2.5,阴
527,38,2,2019-01-16,9:30,4,1,2.5,阴
581,39,2,2019-01-16,9:45,4,1,2.5,阴
430,40,2,2019-01-16,10:0,4,1,2.5,阴
352,41,2,2019-01-16,10:15,4,1,2.5,阴
371,42,2,2019-01-16,10:30,4,1,2.5,阴
338,43,2,2019-01-16,10:45,4,1,2.5,阴
412,44,2,2019-01-16,11:0,4,1,2.5,阴
337,45,2,2019-01-16,11:15,4,1,2.5,阴
399,46,2,2019-01-16,11:30,4,1,2.5,阴
396,47,2,2019-01-16,11:45,4,1,2.5,阴
375,48,2,2019-01-16,12:0,4,1,2.5,阴
434,49,2,2019-01-16,12:15,4,1,2.5,阴
410,50,2,2019-01-16,12:30,4,1,2.5,阴
421,51,2,2019-01-16,12:45,4,1,2.5,阴
419,52,2,2019-01-16,13:0,4,1,2.5,阴
442,53,2,2019-01-16,13:15,4,1,2.5,阴
431,54,2,2019-01-16,13:30,4,1,2.5,阴
390,55,2,2019-01-16,13:45,4,1,2.5,阴
363,56,2,2019-01-16,14:0,4,1,2.5,阴
370,57,2,2019-01-16,14:15,4,1,2.5,阴
391,58,2,2019-01-16,14:30,4,1,2.5,阴
413,59,2,2019-01-16,14:45,4,1,2.5,阴
485,60,2,2019-01-16,15:0,4,1,2.5,阴
454,61,2,2019-01-16,15:15,4,1,2.5,阴
454,62,2,2019-01-16,15:30,4,1,2.5,阴
473,63,2,2019-01-16,15:45,4,1,2.5,阴
459,64,2,2019-01-16,16:0,4,1,2.5,阴
507,65,2,2019-01-16,16:15,4,1,2.5,阴
468,66,2,2019-01-16,16:30,4,1,2.5,阴
521,67,2,2019-01-16,16:45,4,1,2.5,阴
759,68,2,2019-01-16,17:0,4,1,2.5,阴
926,69,2,2019-01-16,17:15,4,1,2.5,阴
1122,70,2,2019-01-16,17:30,4,1,2.5,阴
1431,71,2,2019-01-16,17:45,4,1,2.5,阴
1299,72,2,2019-01-16,18:0,4,1,2.5,阴
1417,73,2,2019-01-16,18:15,4,1,2.5,阴
981,74,2,2019-01-16,18:30,4,1,2.5,阴
873,75,2,2019-01-16,18:45,4,1,2.5,阴
712,76,2,2019-01-16,19:0,4,1,2.5,阴
671,77,2,2019-01-16,19:15,4,1,2.5,阴
597,78,2,2019-01-16,19:30,4,1,2.5,阴
481,79,2,2019-01-16,19:45,4,1,2.5,阴
561,80,2,2019-01-16,20:0,4,1,2.5,阴
613,81,2,2019-01-16,20:15,4,1,2.5,阴
541,82,2,2019-01-16,20:30,4,1,2.5,阴
523,83,2,2019-01-16,20:45,4,1,2.5,阴
572,84,2,2019-01-16,21:0,4,1,2.5,阴
560,85,2,2019-01-16,21:15,4,1,2.5,阴
455,86,2,2019-01-16,21:30,4,1,2.5,阴
447,87,2,2019-01-16,21:45,4,1,2.5,阴
422,88,2,2019-01-16,22:0,4,1,2.5,阴
341,89,2,2019-01-16,22:15,4,1,2.5,阴
284,90,2,2019-01-16,22:30,4,1,2.5,阴
178,91,2,2019-01-16,22:45,4,1,2.5,阴
101,92,2,2019-01-16,23:0,4,1,2.5,阴
43,93,2,2019-01-16,23:15,4,1,2.5,阴
14,94,2,2019-01-16,23:30,4,1,2.5,阴
0,95,2,2019-01-16,23:45,4,1,2.5,阴
0,0,2,2019-01-17,0:0,10,1,5.5,晴
0,1,2,2019-01-17,0:15,10,1,5.5,晴
0,2,2,2019-01-17,0:30,10,1,5.5,晴
0,3,2,2019-01-17,0:45,10,1,5.5,晴
0,4,2,2019-01-17,1:0,10,1,5.5,晴
0,5,2,2019-01-17,1:15,10,1,5.5,晴
0,6,2,2019-01-17,1:30,10,1,5.5,晴
2,7,2,2019-01-17,1:45,10,1,5.5,晴
0,8,2,2019-01-17,2:0,10,1,5.5,晴
0,9,2,2019-01-17,2:15,10,1,5.5,晴
0,10,2,2019-01-17,2:30,10,1,5.5,晴
0,11,2,2019-01-17,2:45,10,1,5.5,晴
0,12,2,2019-01-17,3:0,10,1,5.5,晴
0,13,2,2019-01-17,3:15,10,1,5.5,晴
0,14,2,2019-01-17,3:30,10,1,5.5,晴
0,15,2,2019-01-17,3:45,10,1,5.5,晴
0,16,2,2019-01-17,4:0,10,1,5.5,晴
0,17,2,2019-01-17,4:15,10,1,5.5,晴
0,18,2,2019-01-17,4:30,10,1,5.5,晴
0,19,2,2019-01-17,4:45,10,1,5.5,晴
0,20,2,2019-01-17,5:0,10,1,5.5,晴
0,21,2,2019-01-17,5:15,10,1,5.5,晴
1,22,2,2019-01-17,5:30,10,1,5.5,晴
16,23,2,2019-01-17,5:45,10,1,5.5,晴
32,24,2,2019-01-17,6:0,10,1,5.5,晴
73,25,2,2019-01-17,6:15,10,1,5.5,晴
136,26,2,2019-01-17,6:30,10,1,5.5,晴
165,27,2,2019-01-17,6:45,10,1,5.5,晴
281,28,2,2019-01-17,7:0,10,1,5.5,晴
414,29,2,2019-01-17,7:15,10,1,5.5,晴
624,30,2,2019-01-17,7:30,10,1,5.5,晴
896,31,2,2019-01-17,7:45,10,1,5.5,晴
1569,32,2,2019-01-17,8:0,10,1,5.5,晴
1721,33,2,2019-01-17,8:15,10,1,5.5,晴
1937,34,2,2019-01-17,8:30,10,1,5.5,晴
1724,35,2,2019-01-17,8:45,10,1,5.5,晴
1029,36,2,2019-01-17,9:0,10,1,5.5,晴
868,37,2,2019-01-17,9:15,10,1,5.5,晴
536,38,2,2019-01-17,9:30,10,1,5.5,晴
570,39,2,2019-01-17,9:45,10,1,5.5,晴
380,40,2,2019-01-17,10:0,10,1,5.5,晴
438,41,2,2019-01-17,10:15,10,1,5.5,晴
410,42,2,2019-01-17,10:30,10,1,5.5,晴
362,43,2,2019-01-17,10:45,10,1,5.5,晴
334,44,2,2019-01-17,11:0,10,1,5.5,晴
344,45,2,2019-01-17,11:15,10,1,5.5,晴
357,46,2,2019-01-17,11:30,10,1,5.5,晴
438,47,2,2019-01-17,11:45,10,1,5.5,晴
421,48,2,2019-01-17,12:0,10,1,5.5,晴
399,49,2,2019-01-17,12:15,10,1,5.5,晴
471,50,2,2019-01-17,12:30,10,1,5.5,晴
420,51,2,2019-01-17,12:45,10,1,5.5,晴
457,52,2,2019-01-17,13:0,10,1,5.5,晴
425,53,2,2019-01-17,13:15,10,1,5.5,晴
473,54,2,2019-01-17,13:30,10,1,5.5,晴
415,55,2,2019-01-17,13:45,10,1,5.5,晴
430,56,2,2019-01-17,14:0,10,1,5.5,晴
435,57,2,2019-01-17,14:15,10,1,5.5,晴
456,58,2,2019-01-17,14:30,10,1,5.5,晴
378,59,2,2019-01-17,14:45,10,1,5.5,晴
419,60,2,2019-01-17,15:0,10,1,5.5,晴
409,61,2,2019-01-17,15:15,10,1,5.5,晴
483,62,2,2019-01-17,15:30,10,1,5.5,晴
484,63,2,2019-01-17,15:45,10,1,5.5,晴
509,64,2,2019-01-17,16:0,10,1,5.5,晴
516,65,2,2019-01-17,16:15,10,1,5.5,晴
537,66,2,2019-01-17,16:30,10,1,5.5,晴
552,67,2,2019-01-17,16:45,10,1,5.5,晴
721,68,2,2019-01-17,17:0,10,1,5.5,晴
930,69,2,2019-01-17,17:15,10,1,5.5,晴
1122,70,2,2019-01-17,17:30,10,1,5.5,晴
1437,71,2,2019-01-17,17:45,10,1,5.5,晴
1221,72,2,2019-01-17,18:0,10,1,5.5,晴
1397,73,2,2019-01-17,18:15,10,1,5.5,晴
1055,74,2,2019-01-17,18:30,10,1,5.5,晴
855,75,2,2019-01-17,18:45,10,1,5.5,晴
628,76,2,2019-01-17,19:0,10,1,5.5,晴
648,77,2,2019-01-17,19:15,10,1,5.5,晴
606,78,2,2019-01-17,19:30,10,1,5.5,晴
515,79,2,2019-01-17,19:45,10,1,5.5,晴
564,80,2,2019-01-17,20:0,10,1,5.5,晴
643,81,2,2019-01-17,20:15,10,1,5.5,晴
616,82,2,2019-01-17,20:30,10,1,5.5,晴
642,83,2,2019-01-17,20:45,10,1,5.5,晴
564,84,2,2019-01-17,21:0,10,1,5.5,晴
591,85,2,2019-01-17,21:15,10,1,5.5,晴
488,86,2,2019-01-17,21:30,10,1,5.5,晴
502,87,2,2019-01-17,21:45,10,1,5.5,晴
359,88,2,2019-01-17,22:0,10,1,5.5,晴
320,89,2,2019-01-17,22:15,10,1,5.5,晴
270,90,2,2019-01-17,22:30,10,1,5.5,晴
212,91,2,2019-01-17,22:45,10,1,5.5,晴
105,92,2,2019-01-17,23:0,10,1,5.5,晴
67,93,2,2019-01-17,23:15,10,1,5.5,晴
7,94,2,2019-01-17,23:30,10,1,5.5,晴
2,95,2,2019-01-17,23:45,10,1,5.5,晴
0,0,1,2019-01-18,0:0,13,3,8.0,雾
0,1,1,2019-01-18,0:15,13,3,8.0,雾
0,2,1,2019-01-18,0:30,13,3,8.0,雾
0,3,1,2019-01-18,0:45,13,3,8.0,雾
0,4,1,2019-01-18,1:0,13,3,8.0,雾
0,5,1,2019-01-18,1:15,13,3,8.0,雾
0,6,1,2019-01-18,1:30,13,3,8.0,雾
0,7,1,2019-01-18,1:45,13,3,8.0,雾
0,8,1,2019-01-18,2:0,13,3,8.0,雾
0,9,1,2019-01-18,2:15,13,3,8.0,雾
0,10,1,2019-01-18,2:30,13,3,8.0,雾
0,11,1,2019-01-18,2:45,13,3,8.0,雾
0,12,1,2019-01-18,3:0,13,3,8.0,雾
0,13,1,2019-01-18,3:15,13,3,8.0,雾
0,14,1,2019-01-18,3:30,13,3,8.0,雾
0,15,1,2019-01-18,3:45,13,3,8.0,雾
0,16,1,2019-01-18,4:0,13,3,8.0,雾
0,17,1,2019-01-18,4:15,13,3,8.0,雾
0,18,1,2019-01-18,4:30,13,3,8.0,雾
0,19,1,2019-01-18,4:45,13,3,8.0,雾
0,20,1,2019-01-18,5:0,13,3,8.0,雾
0,21,1,2019-01-18,5:15,13,3,8.0,雾
0,22,1,2019-01-18,5:30,13,3,8.0,雾
11,23,1,2019-01-18,5:45,13,3,8.0,雾
47,24,1,2019-01-18,6:0,13,3,8.0,雾
68,25,1,2019-01-18,6:15,13,3,8.0,雾
145,26,1,2019-01-18,6:30,13,3,8.0,雾
163,27,1,2019-01-18,6:45,13,3,8.0,雾
236,28,1,2019-01-18,7:0,13,3,8.0,雾
404,29,1,2019-01-18,7:15,13,3,8.0,雾
656,30,1,2019-01-18,7:30,13,3,8.0,雾
948,31,1,2019-01-18,7:45,13,3,8.0,雾
1648,32,1,2019-01-18,8:0,13,3,8.0,雾
1722,33,1,2019-01-18,8:15,13,3,8.0,雾
1775,34,1,2019-01-18,8:30,13,3,8.0,雾
1903,35,1,2019-01-18,8:45,13,3,8.0,雾
1066,36,1,2019-01-18,9:0,13,3,8.0,雾
927,37,1,2019-01-18,9:15,13,3,8.0,雾
566,38,1,2019-01-18,9:30,13,3,8.0,雾
606,39,1,2019-01-18,9:45,13,3,8.0,雾
448,40,1,2019-01-18,10:0,13,3,8.0,雾
384,41,1,2019-01-18,10:15,13,3,8.0,雾
430,42,1,2019-01-18,10:30,13,3,8.0,雾
394,43,1,2019-01-18,10:45,13,3,8.0,雾
484,44,1,2019-01-18,11:0,13,3,8.0,雾
429,45,1,2019-01-18,11:15,13,3,8.0,雾
414,46,1,2019-01-18,11:30,13,3,8.0,雾
454,47,1,2019-01-18,11:45,13,3,8.0,雾
466,48,1,2019-01-18,12:0,13,3,8.0,雾
413,49,1,2019-01-18,12:15,13,3,8.0,雾
514,50,1,2019-01-18,12:30,13,3,8.0,雾
439,51,1,2019-01-18,12:45,13,3,8.0,雾
516,52,1,2019-01-18,13:0,13,3,8.0,雾
506,53,1,2019-01-18,13:15,13,3,8.0,雾
440,54,1,2019-01-18,13:30,13,3,8.0,雾
423,55,1,2019-01-18,13:45,13,3,8.0,雾
495,56,1,2019-01-18,14:0,13,3,8.0,雾
401,57,1,2019-01-18,14:15,13,3,8.0,雾
449,58,1,2019-01-18,14:30,13,3,8.0,雾
467,59,1,2019-01-18,14:45,13,3,8.0,雾
476,60,1,2019-01-18,15:0,13,3,8.0,雾
483,61,1,2019-01-18,15:15,13,3,8.0,雾
505,62,1,2019-01-18,15:30,13,3,8.0,雾
552,63,1,2019-01-18,15:45,13,3,8.0,雾
677,64,1,2019-01-18,16:0,13,3,8.0,雾
507,65,1,2019-01-18,16:15,13,3,8.0,雾
550,66,1,2019-01-18,16:30,13,3,8.0,雾
521,67,1,2019-01-18,16:45,13,3,8.0,雾
743,68,1,2019-01-18,17:0,13,3,8.0,雾
912,69,1,2019-01-18,17:15,13,3,8.0,雾
1094,70,1,2019-01-18,17:30,13,3,8.0,雾
1436,71,1,2019-01-18,17:45,13,3,8.0,雾
1303,72,1,2019-01-18,18:0,13,3,8.0,雾
1407,73,1,2019-01-18,18:15,13,3,8.0,雾
1125,74,1,2019-01-18,18:30,13,3,8.0,雾
860,75,1,2019-01-18,18:45,13,3,8.0,雾
719,76,1,2019-01-18,19:0,13,3,8.0,雾
693,77,1,2019-01-18,19:15,13,3,8.0,雾
626,78,1,2019-01-18,19:30,13,3,8.0,雾
632,79,1,2019-01-18,19:45,13,3,8.0,雾
594,80,1,2019-01-18,20:0,13,3,8.0,雾
612,81,1,2019-01-18,20:15,13,3,8.0,雾
587,82,1,2019-01-18,20:30,13,3,8.0,雾
583,83,1,2019-01-18,20:45,13,3,8.0,雾
538,84,1,2019-01-18,21:0,13,3,8.0,雾
655,85,1,2019-01-18,21:15,13,3,8.0,雾
532,86,1,2019-01-18,21:30,13,3,8.0,雾
513,87,1,2019-01-18,21:45,13,3,8.0,雾
545,88,1,2019-01-18,22:0,13,3,8.0,雾
508,89,1,2019-01-18,22:15,13,3,8.0,雾
333,90,1,2019-01-18,22:30,13,3,8.0,雾
286,91,1,2019-01-18,22:45,13,3,8.0,雾
141,92,1,2019-01-18,23:0,13,3,8.0,雾
90,93,1,2019-01-18,23:15,13,3,8.0,雾
12,94,1,2019-01-18,23:30,13,3,8.0,雾
0,95,1,2019-01-18,23:45,13,3,8.0,雾
0,0,1,2019-01-19,0:0,10,6,8.0,多云
0,1,1,2019-01-19,0:15,10,6,8.0,多云
0,2,1,2019-01-19,0:30,10,6,8.0,多云
0,3,1,2019-01-19,0:45,10,6,8.0,多云
0,4,1,2019-01-19,1:0,10,6,8.0,多云
1,5,1,2019-01-19,1:15,10,6,8.0,多云
0,6,1,2019-01-19,1:30,10,6,8.0,多云
0,7,1,2019-01-19,1:45,10,6,8.0,多云
0,8,1,2019-01-19,2:0,10,6,8.0,多云
0,9,1,2019-01-19,2:15,10,6,8.0,多云
0,10,1,2019-01-19,2:30,10,6,8.0,多云
7,11,1,2019-01-19,2:45,10,6,8.0,多云
0,12,1,2019-01-19,3:0,10,6,8.0,多云
0,13,1,2019-01-19,3:15,10,6,8.0,多云
0,14,1,2019-01-19,3:30,10,6,8.0,多云
0,15,1,2019-01-19,3:45,10,6,8.0,多云
0,16,1,2019-01-19,4:0,10,6,8.0,多云
0,17,1,2019-01-19,4:15,10,6,8.0,多云
0,18,1,2019-01-19,4:30,10,6,8.0,多云
0,19,1,2019-01-19,4:45,10,6,8.0,多云
0,20,1,2019-01-19,5:0,10,6,8.0,多云
0,21,1,2019-01-19,5:15,10,6,8.0,多云
1,22,1,2019-01-19,5:30,10,6,8.0,多云
21,23,1,2019-01-19,5:45,10,6,8.0,多云
36,24,1,2019-01-19,6:0,10,6,8.0,多云
49,25,1,2019-01-19,6:15,10,6,8.0,多云
86,26,1,2019-01-19,6:30,10,6,8.0,多云
107,27,1,2019-01-19,6:45,10,6,8.0,多云
166,28,1,2019-01-19,7:0,10,6,8.0,多云
252,29,1,2019-01-19,7:15,10,6,8.0,多云
289,30,1,2019-01-19,7:30,10,6,8.0,多云
422,31,1,2019-01-19,7:45,10,6,8.0,多云
538,32,1,2019-01-19,8:0,10,6,8.0,多云
689,33,1,2019-01-19,8:15,10,6,8.0,多云
739,34,1,2019-01-19,8:30,10,6,8.0,多云
739,35,1,2019-01-19,8:45,10,6,8.0,多云
639,36,1,2019-01-19,9:0,10,6,8.0,多云
504,37,1,2019-01-19,9:15,10,6,8.0,多云
542,38,1,2019-01-19,9:30,10,6,8.0,多云
486,39,1,2019-01-19,9:45,10,6,8.0,多云
394,40,1,2019-01-19,10:0,10,6,8.0,多云
413,41,1,2019-01-19,10:15,10,6,8.0,多云
404,42,1,2019-01-19,10:30,10,6,8.0,多云
431,43,1,2019-01-19,10:45,10,6,8.0,多云
445,44,1,2019-01-19,11:0,10,6,8.0,多云
392,45,1,2019-01-19,11:15,10,6,8.0,多云
388,46,1,2019-01-19,11:30,10,6,8.0,多云
409,47,1,2019-01-19,11:45,10,6,8.0,多云
405,48,1,2019-01-19,12:0,10,6,8.0,多云
411,49,1,2019-01-19,12:15,10,6,8.0,多云
428,50,1,2019-01-19,12:30,10,6,8.0,多云
487,51,1,2019-01-19,12:45,10,6,8.0,多云
458,52,1,2019-01-19,13:0,10,6,8.0,多云
459,53,1,2019-01-19,13:15,10,6,8.0,多云
495,54,1,2019-01-19,13:30,10,6,8.0,多云
502,55,1,2019-01-19,13:45,10,6,8.0,多云
475,56,1,2019-01-19,14:0,10,6,8.0,多云
494,57,1,2019-01-19,14:15,10,6,8.0,多云
524,58,1,2019-01-19,14:30,10,6,8.0,多云
464,59,1,2019-01-19,14:45,10,6,8.0,多云
468,60,1,2019-01-19,15:0,10,6,8.0,多云
442,61,1,2019-01-19,15:15,10,6,8.0,多云
501,62,1,2019-01-19,15:30,10,6,8.0,多云
444,63,1,2019-01-19,15:45,10,6,8.0,多云
518,64,1,2019-01-19,16:0,10,6,8.0,多云
527,65,1,2019-01-19,16:15,10,6,8.0,多云
541,66,1,2019-01-19,16:30,10,6,8.0,多云
621,67,1,2019-01-19,16:45,10,6,8.0,多云
686,68,1,2019-01-19,17:0,10,6,8.0,多云
702,69,1,2019-01-19,17:15,10,6,8.0,多云
651,70,1,2019-01-19,17:30,10,6,8.0,多云
753,71,1,2019-01-19,17:45,10,6,8.0,多云
691,72,1,2019-01-19,18:0,10,6,8.0,多云
678,73,1,2019-01-19,18:15,10,6,8.0,多云
560,74,1,2019-01-19,18:30,10,6,8.0,多云
520,75,1,2019-01-19,18:45,10,6,8.0,多云
446,76,1,2019-01-19,19:0,10,6,8.0,多云
414,77,1,2019-01-19,19:15,10,6,8.0,多云
453,78,1,2019-01-19,19:30,10,6,8.0,多云
511,79,1,2019-01-19,19:45,10,6,8.0,多云
495,80,1,2019-01-19,20:0,10,6,8.0,多云
503,81,1,2019-01-19,20:15,10,6,8.0,多云
480,82,1,2019-01-19,20:30,10,6,8.0,多云
487,83,1,2019-01-19,20:45,10,6,8.0,多云
452,84,1,2019-01-19,21:0,10,6,8.0,多云
420,85,1,2019-01-19,21:15,10,6,8.0,多云
419,86,1,2019-01-19,21:30,10,6,8.0,多云
399,87,1,2019-01-19,21:45,10,6,8.0,多云
462,88,1,2019-01-19,22:0,10,6,8.0,多云
448,89,1,2019-01-19,22:15,10,6,8.0,多云
297,90,1,2019-01-19,22:30,10,6,8.0,多云
216,91,1,2019-01-19,22:45,10,6,8.0,多云
132,92,1,2019-01-19,23:0,10,6,8.0,多云
48,93,1,2019-01-19,23:15,10,6,8.0,多云
14,94,1,2019-01-19,23:30,10,6,8.0,多云
0,95,1,2019-01-19,23:45,10,6,8.0,多云
0,0,1,2019-01-20,0:0,9,1,5.0,多云
0,1,1,2019-01-20,0:15,9,1,5.0,多云
0,2,1,2019-01-20,0:30,9,1,5.0,多云
0,3,1,2019-01-20,0:45,9,1,5.0,多云
0,4,1,2019-01-20,1:0,9,1,5.0,多云
0,5,1,2019-01-20,1:15,9,1,5.0,多云
0,6,1,2019-01-20,1:30,9,1,5.0,多云
0,7,1,2019-01-20,1:45,9,1,5.0,多云
0,8,1,2019-01-20,2:0,9,1,5.0,多云
0,9,1,2019-01-20,2:15,9,1,5.0,多云
0,10,1,2019-01-20,2:30,9,1,5.0,多云
0,11,1,2019-01-20,2:45,9,1,5.0,多云
0,12,1,2019-01-20,3:0,9,1,5.0,多云
0,13,1,2019-01-20,3:15,9,1,5.0,多云
0,14,1,2019-01-20,3:30,9,1,5.0,多云
0,15,1,2019-01-20,3:45,9,1,5.0,多云
0,16,1,2019-01-20,4:0,9,1,5.0,多云
0,17,1,2019-01-20,4:15,9,1,5.0,多云
0,18,1,2019-01-20,4:30,9,1,5.0,多云
0,19,1,2019-01-20,4:45,9,1,5.0,多云
0,20,1,2019-01-20,5:0,9,1,5.0,多云
0,21,1,2019-01-20,5:15,9,1,5.0,多云
2,22,1,2019-01-20,5:30,9,1,5.0,多云
9,23,1,2019-01-20,5:45,9,1,5.0,多云
31,24,1,2019-01-20,6:0,9,1,5.0,多云
43,25,1,2019-01-20,6:15,9,1,5.0,多云
88,26,1,2019-01-20,6:30,9,1,5.0,多云
99,27,1,2019-01-20,6:45,9,1,5.0,多云
143,28,1,2019-01-20,7:0,9,1,5.0,多云
184,29,1,2019-01-20,7:15,9,1,5.0,多云
235,30,1,2019-01-20,7:30,9,1,5.0,多云
245,31,1,2019-01-20,7:45,9,1,5.0,多云
356,32,1,2019-01-20,8:0,9,1,5.0,多云
438,33,1,2019-01-20,8:15,9,1,5.0,多云
513,34,1,2019-01-20,8:30,9,1,5.0,多云
413,35,1,2019-01-20,8:45,9,1,5.0,多云
483,36,1,2019-01-20,9:0,9,1,5.0,多云
457,37,1,2019-01-20,9:15,9,1,5.0,多云
481,38,1,2019-01-20,9:30,9,1,5.0,多云
472,39,1,2019-01-20,9:45,9,1,5.0,多云
377,40,1,2019-01-20,10:0,9,1,5.0,多云
424,41,1,2019-01-20,10:15,9,1,5.0,多云
372,42,1,2019-01-20,10:30,9,1,5.0,多云
427,43,1,2019-01-20,10:45,9,1,5.0,多云
373,44,1,2019-01-20,11:0,9,1,5.0,多云
342,45,1,2019-01-20,11:15,9,1,5.0,多云
437,46,1,2019-01-20,11:30,9,1,5.0,多云
397,47,1,2019-01-20,11:45,9,1,5.0,多云
376,48,1,2019-01-20,12:0,9,1,5.0,多云
411,49,1,2019-01-20,12:15,9,1,5.0,多云
441,50,1,2019-01-20,12:30,9,1,5.0,多云
472,51,1,2019-01-20,12:45,9,1,5.0,多云
511,52,1,2019-01-20,13:0,9,1,5.0,多云
491,53,1,2019-01-20,13:15,9,1,5.0,多云
474,54,1,2019-01-20,13:30,9,1,5.0,多云
514,55,1,2019-01-20,13:45,9,1,5.0,多云
481,56,1,2019-01-20,14:0,9,1,5.0,多云
540,57,1,2019-01-20,14:15,9,1,5.0,多云
391,58,1,2019-01-20,14:30,9,1,5.0,多云
442,59,1,2019-01-20,14:45,9,1,5.0,多云
564,60,1,2019-01-20,15:0,9,1,5.0,多云
545,61,1,2019-01-20,15:15,9,1,5.0,多云
564,62,1,2019-01-20,15:30,9,1,5.0,多云
453,63,1,2019-01-20,15:45,9,1,5.0,多云
537,64,1,2019-01-20,16:0,9,1,5.0,多云
599,65,1,2019-01-20,16:15,9,1,5.0,多云
522,66,1,2019-01-20,16:30,9,1,5.0,多云
573,67,1,2019-01-20,16:45,9,1,5.0,多云
569,68,1,2019-01-20,17:0,9,1,5.0,多云
588,69,1,2019-01-20,17:15,9,1,5.0,多云
629,70,1,2019-01-20,17:30,9,1,5.0,多云
575,71,1,2019-01-20,17:45,9,1,5.0,多云
525,72,1,2019-01-20,18:0,9,1,5.0,多云
584,73,1,2019-01-20,18:15,9,1,5.0,多云
475,74,1,2019-01-20,18:30,9,1,5.0,多云
469,75,1,2019-01-20,18:45,9,1,5.0,多云
452,76,1,2019-01-20,19:0,9,1,5.0,多云
424,77,1,2019-01-20,19:15,9,1,5.0,多云
466,78,1,2019-01-20,19:30,9,1,5.0,多云
411,79,1,2019-01-20,19:45,9,1,5.0,多云
444,80,1,2019-01-20,20:0,9,1,5.0,多云
463,81,1,2019-01-20,20:15,9,1,5.0,多云
390,82,1,2019-01-20,20:30,9,1,5.0,多云
441,83,1,2019-01-20,20:45,9,1,5.0,多云
406,84,1,2019-01-20,21:0,9,1,5.0,多云
360,85,1,2019-01-20,21:15,9,1,5.0,多云
348,86,1,2019-01-20,21:30,9,1,5.0,多云
338,87,1,2019-01-20,21:45,9,1,5.0,多云
389,88,1,2019-01-20,22:0,9,1,5.0,多云
369,89,1,2019-01-20,22:15,9,1,5.0,多云
268,90,1,2019-01-20,22:30,9,1,5.0,多云
134,91,1,2019-01-20,22:45,9,1,5.0,多云
109,92,1,2019-01-20,23:0,9,1,5.0,多云
52,93,1,2019-01-20,23:15,9,1,5.0,多云
12,94,1,2019-01-20,23:30,9,1,5.0,多云
0,95,1,2019-01-20,23:45,9,1,5.0,多云
0,0,1,2019-01-21,0:0,8,0,4.0,多云
0,1,1,2019-01-21,0:15,8,0,4.0,多云
0,2,1,2019-01-21,0:30,8,0,4.0,多云
0,3,1,2019-01-21,0:45,8,0,4.0,多云
0,4,1,2019-01-21,1:0,8,0,4.0,多云
0,5,1,2019-01-21,1:15,8,0,4.0,多云
0,6,1,2019-01-21,1:30,8,0,4.0,多云
0,7,1,2019-01-21,1:45,8,0,4.0,多云
0,8,1,2019-01-21,2:0,8,0,4.0,多云
0,9,1,2019-01-21,2:15,8,0,4.0,多云
0,10,1,2019-01-21,2:30,8,0,4.0,多云
0,11,1,2019-01-21,2:45,8,0,4.0,多云
0,12,1,2019-01-21,3:0,8,0,4.0,多云
0,13,1,2019-01-21,3:15,8,0,4.0,多云
0,14,1,2019-01-21,3:30,8,0,4.0,多云
0,15,1,2019-01-21,3:45,8,0,4.0,多云
0,16,1,2019-01-21,4:0,8,0,4.0,多云
0,17,1,2019-01-21,4:15,8,0,4.0,多云
0,18,1,2019-01-21,4:30,8,0,4.0,多云
0,19,1,2019-01-21,4:45,8,0,4.0,多云
0,20,1,2019-01-21,5:0,8,0,4.0,多云
0,21,1,2019-01-21,5:15,8,0,4.0,多云
1,22,1,2019-01-21,5:30,8,0,4.0,多云
16,23,1,2019-01-21,5:45,8,0,4.0,多云
47,24,1,2019-01-21,6:0,8,0,4.0,多云
78,25,1,2019-01-21,6:15,8,0,4.0,多云
135,26,1,2019-01-21,6:30,8,0,4.0,多云
175,27,1,2019-01-21,6:45,8,0,4.0,多云
259,28,1,2019-01-21,7:0,8,0,4.0,多云
419,29,1,2019-01-21,7:15,8,0,4.0,多云
648,30,1,2019-01-21,7:30,8,0,4.0,多云
969,31,1,2019-01-21,7:45,8,0,4.0,多云
1579,32,1,2019-01-21,8:0,8,0,4.0,多云
1793,33,1,2019-01-21,8:15,8,0,4.0,多云
1959,34,1,2019-01-21,8:30,8,0,4.0,多云
1824,35,1,2019-01-21,8:45,8,0,4.0,多云
966,36,1,2019-01-21,9:0,8,0,4.0,多云
813,37,1,2019-01-21,9:15,8,0,4.0,多云
537,38,1,2019-01-21,9:30,8,0,4.0,多云
504,39,1,2019-01-21,9:45,8,0,4.0,多云
429,40,1,2019-01-21,10:0,8,0,4.0,多云
371,41,1,2019-01-21,10:15,8,0,4.0,多云
352,42,1,2019-01-21,10:30,8,0,4.0,多云
406,43,1,2019-01-21,10:45,8,0,4.0,多云
387,44,1,2019-01-21,11:0,8,0,4.0,多云
401,45,1,2019-01-21,11:15,8,0,4.0,多云
400,46,1,2019-01-21,11:30,8,0,4.0,多云
373,47,1,2019-01-21,11:45,8,0,4.0,多云
387,48,1,2019-01-21,12:0,8,0,4.0,多云
400,49,1,2019-01-21,12:15,8,0,4.0,多云
424,50,1,2019-01-21,12:30,8,0,4.0,多云
398,51,1,2019-01-21,12:45,8,0,4.0,多云
338,52,1,2019-01-21,13:0,8,0,4.0,多云
415,53,1,2019-01-21,13:15,8,0,4.0,多云
386,54,1,2019-01-21,13:30,8,0,4.0,多云
385,55,1,2019-01-21,13:45,8,0,4.0,多云
419,56,1,2019-01-21,14:0,8,0,4.0,多云
383,57,1,2019-01-21,14:15,8,0,4.0,多云
392,58,1,2019-01-21,14:30,8,0,4.0,多云
381,59,1,2019-01-21,14:45,8,0,4.0,多云
402,60,1,2019-01-21,15:0,8,0,4.0,多云
396,61,1,2019-01-21,15:15,8,0,4.0,多云
442,62,1,2019-01-21,15:30,8,0,4.0,多云
433,63,1,2019-01-21,15:45,8,0,4.0,多云
422,64,1,2019-01-21,16:0,8,0,4.0,多云
435,65,1,2019-01-21,16:15,8,0,4.0,多云
514,66,1,2019-01-21,16:30,8,0,4.0,多云
522,67,1,2019-01-21,16:45,8,0,4.0,多云
703,68,1,2019-01-21,17:0,8,0,4.0,多云
878,69,1,2019-01-21,17:15,8,0,4.0,多云
1074,70,1,2019-01-21,17:30,8,0,4.0,多云
1348,71,1,2019-01-21,17:45,8,0,4.0,多云
1336,72,1,2019-01-21,18:0,8,0,4.0,多云
1335,73,1,2019-01-21,18:15,8,0,4.0,多云
938,74,1,2019-01-21,18:30,8,0,4.0,多云
841,75,1,2019-01-21,18:45,8,0,4.0,多云
655,76,1,2019-01-21,19:0,8,0,4.0,多云
640,77,1,2019-01-21,19:15,8,0,4.0,多云
583,78,1,2019-01-21,19:30,8,0,4.0,多云
494,79,1,2019-01-21,19:45,8,0,4.0,多云
515,80,1,2019-01-21,20:0,8,0,4.0,多云
591,81,1,2019-01-21,20:15,8,0,4.0,多云
517,82,1,2019-01-21,20:30,8,0,4.0,多云
515,83,1,2019-01-21,20:45,8,0,4.0,多云
483,84,1,2019-01-21,21:0,8,0,4.0,多云
498,85,1,2019-01-21,21:15,8,0,4.0,多云
495,86,1,2019-01-21,21:30,8,0,4.0,多云
436,87,1,2019-01-21,21:45,8,0,4.0,多云
393,88,1,2019-01-21,22:0,8,0,4.0,多云
331,89,1,2019-01-21,22:15,8,0,4.0,多云
244,90,1,2019-01-21,22:30,8,0,4.0,多云
175,91,1,2019-01-21,22:45,8,0,4.0,多云
114,92,1,2019-01-21,23:0,8,0,4.0,多云
43,93,1,2019-01-21,23:15,8,0,4.0,多云
17,94,1,2019-01-21,23:30,8,0,4.0,多云
2,95,1,2019-01-21,23:45,8,0,4.0,多云
0,0,1,2019-01-22,0:0,13,1,7.0,晴
0,1,1,2019-01-22,0:15,13,1,7.0,晴
0,2,1,2019-01-22,0:30,13,1,7.0,晴
0,3,1,2019-01-22,0:45,13,1,7.0,晴
0,4,1,2019-01-22,1:0,13,1,7.0,晴
0,5,1,2019-01-22,1:15,13,1,7.0,晴
0,6,1,2019-01-22,1:30,13,1,7.0,晴
0,7,1,2019-01-22,1:45,13,1,7.0,晴
0,8,1,2019-01-22,2:0,13,1,7.0,晴
0,9,1,2019-01-22,2:15,13,1,7.0,晴
0,10,1,2019-01-22,2:30,13,1,7.0,晴
0,11,1,2019-01-22,2:45,13,1,7.0,晴
0,12,1,2019-01-22,3:0,13,1,7.0,晴
0,13,1,2019-01-22,3:15,13,1,7.0,晴
0,14,1,2019-01-22,3:30,13,1,7.0,晴
0,15,1,2019-01-22,3:45,13,1,7.0,晴
0,16,1,2019-01-22,4:0,13,1,7.0,晴
0,17,1,2019-01-22,4:15,13,1,7.0,晴
0,18,1,2019-01-22,4:30,13,1,7.0,晴
0,19,1,2019-01-22,4:45,13,1,7.0,晴
0,20,1,2019-01-22,5:0,13,1,7.0,晴
0,21,1,2019-01-22,5:15,13,1,7.0,晴
0,22,1,2019-01-22,5:30,13,1,7.0,晴
13,23,1,2019-01-22,5:45,13,1,7.0,晴
30,24,1,2019-01-22,6:0,13,1,7.0,晴
56,25,1,2019-01-22,6:15,13,1,7.0,晴
133,26,1,2019-01-22,6:30,13,1,7.0,晴
173,27,1,2019-01-22,6:45,13,1,7.0,晴
232,28,1,2019-01-22,7:0,13,1,7.0,晴
384,29,1,2019-01-22,7:15,13,1,7.0,晴
639,30,1,2019-01-22,7:30,13,1,7.0,晴
906,31,1,2019-01-22,7:45,13,1,7.0,晴
1508,32,1,2019-01-22,8:0,13,1,7.0,晴
1719,33,1,2019-01-22,8:15,13,1,7.0,晴
1798,34,1,2019-01-22,8:30,13,1,7.0,晴
1778,35,1,2019-01-22,8:45,13,1,7.0,晴
904,36,1,2019-01-22,9:0,13,1,7.0,晴
858,37,1,2019-01-22,9:15,13,1,7.0,晴
535,38,1,2019-01-22,9:30,13,1,7.0,晴
542,39,1,2019-01-22,9:45,13,1,7.0,晴
408,40,1,2019-01-22,10:0,13,1,7.0,晴
377,41,1,2019-01-22,10:15,13,1,7.0,晴
359,42,1,2019-01-22,10:30,13,1,7.0,晴
392,43,1,2019-01-22,10:45,13,1,7.0,晴
337,44,1,2019-01-22,11:0,13,1,7.0,晴
375,45,1,2019-01-22,11:15,13,1,7.0,晴
412,46,1,2019-01-22,11:30,13,1,7.0,晴
370,47,1,2019-01-22,11:45,13,1,7.0,晴
364,48,1,2019-01-22,12:0,13,1,7.0,晴
446,49,1,2019-01-22,12:15,13,1,7.0,晴
384,50,1,2019-01-22,12:30,13,1,7.0,晴
419,51,1,2019-01-22,12:45,13,1,7.0,晴
408,52,1,2019-01-22,13:0,13,1,7.0,晴
442,53,1,2019-01-22,13:15,13,1,7.0,晴
438,54,1,2019-01-22,13:30,13,1,7.0,晴
437,55,1,2019-01-22,13:45,13,1,7.0,晴
412,56,1,2019-01-22,14:0,13,1,7.0,晴
355,57,1,2019-01-22,14:15,13,1,7.0,晴
374,58,1,2019-01-22,14:30,13,1,7.0,晴
320,59,1,2019-01-22,14:45,13,1,7.0,晴
407,60,1,2019-01-22,15:0,13,1,7.0,晴
374,61,1,2019-01-22,15:15,13,1,7.0,晴
370,62,1,2019-01-22,15:30,13,1,7.0,晴
466,63,1,2019-01-22,15:45,13,1,7.0,晴
486,64,1,2019-01-22,16:0,13,1,7.0,晴
447,65,1,2019-01-22,16:15,13,1,7.0,晴
445,66,1,2019-01-22,16:30,13,1,7.0,晴
462,67,1,2019-01-22,16:45,13,1,7.0,晴
774,68,1,2019-01-22,17:0,13,1,7.0,晴
975,69,1,2019-01-22,17:15,13,1,7.0,晴
1199,70,1,2019-01-22,17:30,13,1,7.0,晴
1318,71,1,2019-01-22,17:45,13,1,7.0,晴
1295,72,1,2019-01-22,18:0,13,1,7.0,晴
1342,73,1,2019-01-22,18:15,13,1,7.0,晴
900,74,1,2019-01-22,18:30,13,1,7.0,晴
861,75,1,2019-01-22,18:45,13,1,7.0,晴
704,76,1,2019-01-22,19:0,13,1,7.0,晴
641,77,1,2019-01-22,19:15,13,1,7.0,晴
588,78,1,2019-01-22,19:30,13,1,7.0,晴
542,79,1,2019-01-22,19:45,13,1,7.0,晴
586,80,1,2019-01-22,20:0,13,1,7.0,晴
543,81,1,2019-01-22,20:15,13,1,7.0,晴
584,82,1,2019-01-22,20:30,13,1,7.0,晴
486,83,1,2019-01-22,20:45,13,1,7.0,晴
496,84,1,2019-01-22,21:0,13,1,7.0,晴
520,85,1,2019-01-22,21:15,13,1,7.0,晴
448,86,1,2019-01-22,21:30,13,1,7.0,晴
479,87,1,2019-01-22,21:45,13,1,7.0,晴
410,88,1,2019-01-22,22:0,13,1,7.0,晴
320,89,1,2019-01-22,22:15,13,1,7.0,晴
269,90,1,2019-01-22,22:30,13,1,7.0,晴
175,91,1,2019-01-22,22:45,13,1,7.0,晴
87,92,1,2019-01-22,23:0,13,1,7.0,晴
63,93,1,2019-01-22,23:15,13,1,7.0,晴
7,94,1,2019-01-22,23:30,13,1,7.0,晴
2,95,1,2019-01-22,23:45,13,1,7.0,晴
2,0,2,2019-01-23,0:0,14,2,8.0,晴
0,1,2,2019-01-23,0:15,14,2,8.0,晴
0,2,2,2019-01-23,0:30,14,2,8.0,晴
0,3,2,2019-01-23,0:45,14,2,8.0,晴
0,4,2,2019-01-23,1:0,14,2,8.0,晴
0,5,2,2019-01-23,1:15,14,2,8.0,晴
0,6,2,2019-01-23,1:30,14,2,8.0,晴
0,7,2,2019-01-23,1:45,14,2,8.0,晴
0,8,2,2019-01-23,2:0,14,2,8.0,晴
1,9,2,2019-01-23,2:15,14,2,8.0,晴
0,10,2,2019-01-23,2:30,14,2,8.0,晴
1,11,2,2019-01-23,2:45,14,2,8.0,晴
10,12,2,2019-01-23,3:0,14,2,8.0,晴
0,13,2,2019-01-23,3:15,14,2,8.0,晴
0,14,2,2019-01-23,3:30,14,2,8.0,晴
0,15,2,2019-01-23,3:45,14,2,8.0,晴
0,16,2,2019-01-23,4:0,14,2,8.0,晴
0,17,2,2019-01-23,4:15,14,2,8.0,晴
0,18,2,2019-01-23,4:30,14,2,8.0,晴
0,19,2,2019-01-23,4:45,14,2,8.0,晴
0,20,2,2019-01-23,5:0,14,2,8.0,晴
0,21,2,2019-01-23,5:15,14,2,8.0,晴
1,22,2,2019-01-23,5:30,14,2,8.0,晴
21,23,2,2019-01-23,5:45,14,2,8.0,晴
41,24,2,2019-01-23,6:0,14,2,8.0,晴
60,25,2,2019-01-23,6:15,14,2,8.0,晴
126,26,2,2019-01-23,6:30,14,2,8.0,晴
142,27,2,2019-01-23,6:45,14,2,8.0,晴
229,28,2,2019-01-23,7:0,14,2,8.0,晴
388,29,2,2019-01-23,7:15,14,2,8.0,晴
622,30,2,2019-01-23,7:30,14,2,8.0,晴
862,31,2,2019-01-23,7:45,14,2,8.0,晴
1455,32,2,2019-01-23,8:0,14,2,8.0,晴
1780,33,2,2019-01-23,8:15,14,2,8.0,晴
1832,34,2,2019-01-23,8:30,14,2,8.0,晴
1677,35,2,2019-01-23,8:45,14,2,8.0,晴
958,36,2,2019-01-23,9:0,14,2,8.0,晴
864,37,2,2019-01-23,9:15,14,2,8.0,晴
620,38,2,2019-01-23,9:30,14,2,8.0,晴
543,39,2,2019-01-23,9:45,14,2,8.0,晴
410,40,2,2019-01-23,10:0,14,2,8.0,晴
423,41,2,2019-01-23,10:15,14,2,8.0,晴
369,42,2,2019-01-23,10:30,14,2,8.0,晴
343,43,2,2019-01-23,10:45,14,2,8.0,晴
344,44,2,2019-01-23,11:0,14,2,8.0,晴
342,45,2,2019-01-23,11:15,14,2,8.0,晴
370,46,2,2019-01-23,11:30,14,2,8.0,晴
386,47,2,2019-01-23,11:45,14,2,8.0,晴
354,48,2,2019-01-23,12:0,14,2,8.0,晴
362,49,2,2019-01-23,12:15,14,2,8.0,晴
355,50,2,2019-01-23,12:30,14,2,8.0,晴
376,51,2,2019-01-23,12:45,14,2,8.0,晴
372,52,2,2019-01-23,13:0,14,2,8.0,晴
403,53,2,2019-01-23,13:15,14,2,8.0,晴
413,54,2,2019-01-23,13:30,14,2,8.0,晴
404,55,2,2019-01-23,13:45,14,2,8.0,晴
392,56,2,2019-01-23,14:0,14,2,8.0,晴
376,57,2,2019-01-23,14:15,14,2,8.0,晴
359,58,2,2019-01-23,14:30,14,2,8.0,晴
334,59,2,2019-01-23,14:45,14,2,8.0,晴
382,60,2,2019-01-23,15:0,14,2,8.0,晴
377,61,2,2019-01-23,15:15,14,2,8.0,晴
440,62,2,2019-01-23,15:30,14,2,8.0,晴
408,63,2,2019-01-23,15:45,14,2,8.0,晴
413,64,2,2019-01-23,16:0,14,2,8.0,晴
523,65,2,2019-01-23,16:15,14,2,8.0,晴
433,66,2,2019-01-23,16:30,14,2,8.0,晴
531,67,2,2019-01-23,16:45,14,2,8.0,晴
700,68,2,2019-01-23,17:0,14,2,8.0,晴
920,69,2,2019-01-23,17:15,14,2,8.0,晴
1059,70,2,2019-01-23,17:30,14,2,8.0,晴
1327,71,2,2019-01-23,17:45,14,2,8.0,晴
1232,72,2,2019-01-23,18:0,14,2,8.0,晴
1218,73,2,2019-01-23,18:15,14,2,8.0,晴
960,74,2,2019-01-23,18:30,14,2,8.0,晴
788,75,2,2019-01-23,18:45,14,2,8.0,晴
670,76,2,2019-01-23,19:0,14,2,8.0,晴
643,77,2,2019-01-23,19:15,14,2,8.0,晴
618,78,2,2019-01-23,19:30,14,2,8.0,晴
585,79,2,2019-01-23,19:45,14,2,8.0,晴
564,80,2,2019-01-23,20:0,14,2,8.0,晴
614,81,2,2019-01-23,20:15,14,2,8.0,晴
584,82,2,2019-01-23,20:30,14,2,8.0,晴
601,83,2,2019-01-23,20:45,14,2,8.0,晴
530,84,2,2019-01-23,21:0,14,2,8.0,晴
527,85,2,2019-01-23,21:15,14,2,8.0,晴
530,86,2,2019-01-23,21:30,14,2,8.0,晴
465,87,2,2019-01-23,21:45,14,2,8.0,晴
410,88,2,2019-01-23,22:0,14,2,8.0,晴
399,89,2,2019-01-23,22:15,14,2,8.0,晴
255,90,2,2019-01-23,22:30,14,2,8.0,晴
183,91,2,2019-01-23,22:45,14,2,8.0,晴
111,92,2,2019-01-23,23:0,14,2,8.0,晴
63,93,2,2019-01-23,23:15,14,2,8.0,晴
15,94,2,2019-01-23,23:30,14,2,8.0,晴
4,95,2,2019-01-23,23:45,14,2,8.0,晴
3,0,2,2019-01-24,0:0,14,1,7.5,晴
0,1,2,2019-01-24,0:15,14,1,7.5,晴
0,2,2,2019-01-24,0:30,14,1,7.5,晴
0,3,2,2019-01-24,0:45,14,1,7.5,晴
0,4,2,2019-01-24,1:0,14,1,7.5,晴
0,5,2,2019-01-24,1:15,14,1,7.5,晴
0,6,2,2019-01-24,1:30,14,1,7.5,晴
0,7,2,2019-01-24,1:45,14,1,7.5,晴
0,8,2,2019-01-24,2:0,14,1,7.5,晴
0,9,2,2019-01-24,2:15,14,1,7.5,晴
0,10,2,2019-01-24,2:30,14,1,7.5,晴
0,11,2,2019-01-24,2:45,14,1,7.5,晴
2,12,2,2019-01-24,3:0,14,1,7.5,晴
0,13,2,2019-01-24,3:15,14,1,7.5,晴
0,14,2,2019-01-24,3:30,14,1,7.5,晴
0,15,2,2019-01-24,3:45,14,1,7.5,晴
0,16,2,2019-01-24,4:0,14,1,7.5,晴
0,17,2,2019-01-24,4:15,14,1,7.5,晴
0,18,2,2019-01-24,4:30,14,1,7.5,晴
0,19,2,2019-01-24,4:45,14,1,7.5,晴
0,20,2,2019-01-24,5:0,14,1,7.5,晴
0,21,2,2019-01-24,5:15,14,1,7.5,晴
1,22,2,2019-01-24,5:30,14,1,7.5,晴
19,23,2,2019-01-24,5:45,14,1,7.5,晴
36,24,2,2019-01-24,6:0,14,1,7.5,晴
65,25,2,2019-01-24,6:15,14,1,7.5,晴
122,26,2,2019-01-24,6:30,14,1,7.5,晴
138,27,2,2019-01-24,6:45,14,1,7.5,晴
210,28,2,2019-01-24,7:0,14,1,7.5,晴
399,29,2,2019-01-24,7:15,14,1,7.5,晴
601,30,2,2019-01-24,7:30,14,1,7.5,晴
921,31,2,2019-01-24,7:45,14,1,7.5,晴
1481,32,2,2019-01-24,8:0,14,1,7.5,晴
1696,33,2,2019-01-24,8:15,14,1,7.5,晴
1733,34,2,2019-01-24,8:30,14,1,7.5,晴
1703,35,2,2019-01-24,8:45,14,1,7.5,晴
982,36,2,2019-01-24,9:0,14,1,7.5,晴
902,37,2,2019-01-24,9:15,14,1,7.5,晴
589,38,2,2019-01-24,9:30,14,1,7.5,晴
577,39,2,2019-01-24,9:45,14,1,7.5,晴
428,40,2,2019-01-24,10:0,14,1,7.5,晴
432,41,2,2019-01-24,10:15,14,1,7.5,晴
422,42,2,2019-01-24,10:30,14,1,7.5,晴
407,43,2,2019-01-24,10:45,14,1,7.5,晴
335,44,2,2019-01-24,11:0,14,1,7.5,晴
383,45,2,2019-01-24,11:15,14,1,7.5,晴
358,46,2,2019-01-24,11:30,14,1,7.5,晴
414,47,2,2019-01-24,11:45,14,1,7.5,晴
384,48,2,2019-01-24,12:0,14,1,7.5,晴
412,49,2,2019-01-24,12:15,14,1,7.5,晴
400,50,2,2019-01-24,12:30,14,1,7.5,晴
414,51,2,2019-01-24,12:45,14,1,7.5,晴
432,52,2,2019-01-24,13:0,14,1,7.5,晴
391,53,2,2019-01-24,13:15,14,1,7.5,晴
445,54,2,2019-01-24,13:30,14,1,7.5,晴
399,55,2,2019-01-24,13:45,14,1,7.5,晴
396,56,2,2019-01-24,14:0,14,1,7.5,晴
424,57,2,2019-01-24,14:15,14,1,7.5,晴
372,58,2,2019-01-24,14:30,14,1,7.5,晴
395,59,2,2019-01-24,14:45,14,1,7.5,晴
362,60,2,2019-01-24,15:0,14,1,7.5,晴
425,61,2,2019-01-24,15:15,14,1,7.5,晴
447,62,2,2019-01-24,15:30,14,1,7.5,晴
525,63,2,2019-01-24,15:45,14,1,7.5,晴
606,64,2,2019-01-24,16:0,14,1,7.5,晴
483,65,2,2019-01-24,16:15,14,1,7.5,晴
490,66,2,2019-01-24,16:30,14,1,7.5,晴
553,67,2,2019-01-24,16:45,14,1,7.5,晴
740,68,2,2019-01-24,17:0,14,1,7.5,晴
936,69,2,2019-01-24,17:15,14,1,7.5,晴
1048,70,2,2019-01-24,17:30,14,1,7.5,晴
1409,71,2,2019-01-24,17:45,14,1,7.5,晴
1204,72,2,2019-01-24,18:0,14,1,7.5,晴
1257,73,2,2019-01-24,18:15,14,1,7.5,晴
900,74,2,2019-01-24,18:30,14,1,7.5,晴
780,75,2,2019-01-24,18:45,14,1,7.5,晴
638,76,2,2019-01-24,19:0,14,1,7.5,晴
622,77,2,2019-01-24,19:15,14,1,7.5,晴
532,78,2,2019-01-24,19:30,14,1,7.5,晴
569,79,2,2019-01-24,19:45,14,1,7.5,晴
556,80,2,2019-01-24,20:0,14,1,7.5,晴
665,81,2,2019-01-24,20:15,14,1,7.5,晴
544,82,2,2019-01-24,20:30,14,1,7.5,晴
513,83,2,2019-01-24,20:45,14,1,7.5,晴
475,84,2,2019-01-24,21:0,14,1,7.5,晴
476,85,2,2019-01-24,21:15,14,1,7.5,晴
608,86,2,2019-01-24,21:30,14,1,7.5,晴
508,87,2,2019-01-24,21:45,14,1,7.5,晴
430,88,2,2019-01-24,22:0,14,1,7.5,晴
388,89,2,2019-01-24,22:15,14,1,7.5,晴
291,90,2,2019-01-24,22:30,14,1,7.5,晴
236,91,2,2019-01-24,22:45,14,1,7.5,晴
103,92,2,2019-01-24,23:0,14,1,7.5,晴
83,93,2,2019-01-24,23:15,14,1,7.5,晴
20,94,2,2019-01-24,23:30,14,1,7.5,晴
4,95,2,2019-01-24,23:45,14,1,7.5,晴
3,0,1,2019-01-25,0:0,11,2,6.5,多云
0,1,1,2019-01-25,0:15,11,2,6.5,多云
0,2,1,2019-01-25,0:30,11,2,6.5,多云
0,3,1,2019-01-25,0:45,11,2,6.5,多云
0,4,1,2019-01-25,1:0,11,2,6.5,多云
0,5,1,2019-01-25,1:15,11,2,6.5,多云
0,6,1,2019-01-25,1:30,11,2,6.5,多云
0,7,1,2019-01-25,1:45,11,2,6.5,多云
0,8,1,2019-01-25,2:0,11,2,6.5,多云
0,9,1,2019-01-25,2:15,11,2,6.5,多云
0,10,1,2019-01-25,2:30,11,2,6.5,多云
0,11,1,2019-01-25,2:45,11,2,6.5,多云
0,12,1,2019-01-25,3:0,11,2,6.5,多云
0,13,1,2019-01-25,3:15,11,2,6.5,多云
0,14,1,2019-01-25,3:30,11,2,6.5,多云
0,15,1,2019-01-25,3:45,11,2,6.5,多云
0,16,1,2019-01-25,4:0,11,2,6.5,多云
0,17,1,2019-01-25,4:15,11,2,6.5,多云
0,18,1,2019-01-25,4:30,11,2,6.5,多云
0,19,1,2019-01-25,4:45,11,2,6.5,多云
0,20,1,2019-01-25,5:0,11,2,6.5,多云
0,21,1,2019-01-25,5:15,11,2,6.5,多云
2,22,1,2019-01-25,5:30,11,2,6.5,多云
17,23,1,2019-01-25,5:45,11,2,6.5,多云
32,24,1,2019-01-25,6:0,11,2,6.5,多云
72,25,1,2019-01-25,6:15,11,2,6.5,多云
101,26,1,2019-01-25,6:30,11,2,6.5,多云
140,27,1,2019-01-25,6:45,11,2,6.5,多云
217,28,1,2019-01-25,7:0,11,2,6.5,多云
372,29,1,2019-01-25,7:15,11,2,6.5,多云
576,30,1,2019-01-25,7:30,11,2,6.5,多云
948,31,1,2019-01-25,7:45,11,2,6.5,多云
1367,32,1,2019-01-25,8:0,11,2,6.5,多云
1742,33,1,2019-01-25,8:15,11,2,6.5,多云
1692,34,1,2019-01-25,8:30,11,2,6.5,多云
1671,35,1,2019-01-25,8:45,11,2,6.5,多云
950,36,1,2019-01-25,9:0,11,2,6.5,多云
823,37,1,2019-01-25,9:15,11,2,6.5,多云
589,38,1,2019-01-25,9:30,11,2,6.5,多云
581,39,1,2019-01-25,9:45,11,2,6.5,多云
413,40,1,2019-01-25,10:0,11,2,6.5,多云
381,41,1,2019-01-25,10:15,11,2,6.5,多云
415,42,1,2019-01-25,10:30,11,2,6.5,多云
429,43,1,2019-01-25,10:45,11,2,6.5,多云
364,44,1,2019-01-25,11:0,11,2,6.5,多云
433,45,1,2019-01-25,11:15,11,2,6.5,多云
385,46,1,2019-01-25,11:30,11,2,6.5,多云
433,47,1,2019-01-25,11:45,11,2,6.5,多云
403,48,1,2019-01-25,12:0,11,2,6.5,多云
394,49,1,2019-01-25,12:15,11,2,6.5,多云
435,50,1,2019-01-25,12:30,11,2,6.5,多云
483,51,1,2019-01-25,12:45,11,2,6.5,多云
443,52,1,2019-01-25,13:0,11,2,6.5,多云
438,53,1,2019-01-25,13:15,11,2,6.5,多云
468,54,1,2019-01-25,13:30,11,2,6.5,多云
408,55,1,2019-01-25,13:45,11,2,6.5,多云
425,56,1,2019-01-25,14:0,11,2,6.5,多云
416,57,1,2019-01-25,14:15,11,2,6.5,多云
480,58,1,2019-01-25,14:30,11,2,6.5,多云
398,59,1,2019-01-25,14:45,11,2,6.5,多云
438,60,1,2019-01-25,15:0,11,2,6.5,多云
419,61,1,2019-01-25,15:15,11,2,6.5,多云
459,62,1,2019-01-25,15:30,11,2,6.5,多云
413,63,1,2019-01-25,15:45,11,2,6.5,多云
444,64,1,2019-01-25,16:0,11,2,6.5,多云
430,65,1,2019-01-25,16:15,11,2,6.5,多云
528,66,1,2019-01-25,16:30,11,2,6.5,多云
587,67,1,2019-01-25,16:45,11,2,6.5,多云
786,68,1,2019-01-25,17:0,11,2,6.5,多云
957,69,1,2019-01-25,17:15,11,2,6.5,多云
1136,70,1,2019-01-25,17:30,11,2,6.5,多云
1229,71,1,2019-01-25,17:45,11,2,6.5,多云
1161,72,1,2019-01-25,18:0,11,2,6.5,多云
1149,73,1,2019-01-25,18:15,11,2,6.5,多云
941,74,1,2019-01-25,18:30,11,2,6.5,多云
844,75,1,2019-01-25,18:45,11,2,6.5,多云
644,76,1,2019-01-25,19:0,11,2,6.5,多云
678,77,1,2019-01-25,19:15,11,2,6.5,多云
591,78,1,2019-01-25,19:30,11,2,6.5,多云
460,79,1,2019-01-25,19:45,11,2,6.5,多云
541,80,1,2019-01-25,20:0,11,2,6.5,多云
637,81,1,2019-01-25,20:15,11,2,6.5,多云
535,82,1,2019-01-25,20:30,11,2,6.5,多云
605,83,1,2019-01-25,20:45,11,2,6.5,多云
587,84,1,2019-01-25,21:0,11,2,6.5,多云
550,85,1,2019-01-25,21:15,11,2,6.5,多云
494,86,1,2019-01-25,21:30,11,2,6.5,多云
524,87,1,2019-01-25,21:45,11,2,6.5,多云
500,88,1,2019-01-25,22:0,11,2,6.5,多云
512,89,1,2019-01-25,22:15,11,2,6.5,多云
353,90,1,2019-01-25,22:30,11,2,6.5,多云
257,91,1,2019-01-25,22:45,11,2,6.5,多云
134,92,1,2019-01-25,23:0,11,2,6.5,多云
96,93,1,2019-01-25,23:15,11,2,6.5,多云
35,94,1,2019-01-25,23:30,11,2,6.5,多云
9,95,1,2019-01-25,23:45,11,2,6.5,多云
