Num,Minute,DateType
0,0,3
0,1,3
0,2,3
0,3,3
0,4,3
0,5,3
0,6,3
0,7,3
0,8,3
0,9,3
0,10,3
0,11,3
1,12,3
3,13,3
0,14,3
0,15,3
0,16,3
2,17,3
4,18,3
0,19,3
1,20,3
0,21,3
0,22,3
0,23,3
0,24,3
0,25,3
0,26,3
2,27,3
2,28,3
0,29,3
0,30,3
0,31,3
0,32,3
0,33,3
0,34,3
29,35,3
29,36,3
60,37,3
44,38,3
90,39,3
71,40,3
53,41,3
65,42,3
66,43,3
100,44,3
109,45,3
140,46,3
133,47,3
148,48,3
173,49,3
178,50,3
150,51,3
190,52,3
140,53,3
168,54,3
137,55,3
168,56,3
185,57,3
164,58,3
158,59,3
183,60,3
175,61,3
196,62,3
206,63,3
211,64,3
247,65,3
173,66,3
188,67,3
217,68,3
205,69,3
233,70,3
216,71,3
283,72,3
241,73,3
262,74,3
260,75,3
269,76,3
280,77,3
265,78,3
267,79,3
267,80,3
240,81,3
247,82,3
244,83,3
265,84,3
288,85,3
257,86,3
312,87,3
293,88,3
279,89,3
308,90,3
288,91,3
290,92,3
307,93,3
302,94,3
307,95,3
326,96,3
376,97,3
319,98,3
364,99,3
339,100,3
300,101,3
375,102,3
348,103,3
340,104,3
316,105,3
361,106,3
385,107,3
364,108,3
316,109,3
349,110,3
330,111,3
287,112,3
296,113,3
273,114,3
305,115,3
271,116,3
284,117,3
255,118,3
288,119,3
281,120,3
349,121,3
278,122,3
292,123,3
352,124,3
260,125,3
300,126,3
270,127,3
299,128,3
290,129,3
164,130,3
287,131,3
173,132,3
191,133,3
251,134,3
128,135,3
159,136,3
91,137,3
74,138,3
71,139,3
46,140,3
18,141,3
37,142,3
3,143,3
2,0,2
1,1,2
0,2,2
0,3,2
0,4,2
0,5,2
0,6,2
5,7,2
1,8,2
0,9,2
2,10,2
0,11,2
0,12,2
0,13,2
0,14,2
0,15,2
0,16,2
0,17,2
0,18,2
0,19,2
0,20,2
0,21,2
0,22,2
0,23,2
0,24,2
0,25,2
2,26,2
0,27,2
2,28,2
0,29,2
0,30,2
0,31,2
0,32,2
0,33,2
2,34,2
19,35,2
26,36,2
26,37,2
35,38,2
72,39,2
106,40,2
143,41,2
203,42,2
262,43,2
371,44,2
497,45,2
672,46,2
843,47,2
1063,48,2
1177,49,2
915,50,2
984,51,2
646,52,2
995,53,2
625,54,2
651,55,2
451,56,2
398,57,2
333,58,2
259,59,2
182,60,2
204,61,2
170,62,2
204,63,2
163,64,2
147,65,2
162,66,2
170,67,2
196,68,2
178,69,2
169,70,2
184,71,2
182,72,2
175,73,2
200,74,2
197,75,2
233,76,2
219,77,2
220,78,2
206,79,2
214,80,2
192,81,2
200,82,2
183,83,2
166,84,2
186,85,2
194,86,2
182,87,2
181,88,2
193,89,2
200,90,2
199,91,2
203,92,2
229,93,2
209,94,2
195,95,2
165,96,2
243,97,2
266,98,2
294,99,2
241,100,2
284,101,2
278,102,2
463,103,2
575,104,2
486,105,2
734,106,2
694,107,2
779,108,2
693,109,2
840,110,2
647,111,2
527,112,2
506,113,2
457,114,2
419,115,2
406,116,2
296,117,2
298,118,2
285,119,2
244,120,2
292,121,2
257,122,2
275,123,2
303,124,2
257,125,2
243,126,2
285,127,2
316,128,2
211,129,2
196,130,2
156,131,2
182,132,2
156,133,2
189,134,2
93,135,2
101,136,2
93,137,2
80,138,2
32,139,2
27,140,2
8,141,2
1,142,2
0,143,2
1,0,2
1,1,2
0,2,2
4,3,2
8,4,2
1,5,2
1,6,2
0,7,2
0,8,2
0,9,2
0,10,2
0,11,2
1,12,2
2,13,2
0,14,2
0,15,2
0,16,2
0,17,2
0,18,2
0,19,2
0,20,2
7,21,2
0,22,2
0,23,2
0,24,2
0,25,2
2,26,2
2,27,2
0,28,2
0,29,2
0,30,2
0,31,2
0,32,2
0,33,2
0,34,2
19,35,2
22,36,2
23,37,2
32,38,2
72,39,2
93,40,2
135,41,2
201,42,2
232,43,2
314,44,2
403,45,2
620,46,2
808,47,2
1022,48,2
1133,49,2
944,50,2
945,51,2
980,52,2
743,53,2
715,54,2
533,55,2
476,56,2
445,57,2
319,58,2
267,59,2
241,60,2
194,61,2
230,62,2
173,63,2
169,64,2
132,65,2
135,66,2
187,67,2
147,68,2
197,69,2
194,70,2
167,71,2
173,72,2
161,73,2
211,74,2
203,75,2
199,76,2
193,77,2
206,78,2
180,79,2
180,80,2
202,81,2
186,82,2
217,83,2
208,84,2
208,85,2
203,86,2
168,87,2
187,88,2
196,89,2
185,90,2
212,91,2
191,92,2
217,93,2
218,94,2
197,95,2
202,96,2
217,97,2
260,98,2
288,99,2
265,100,2
261,101,2
352,102,2
470,103,2
564,104,2
488,105,2
679,106,2
766,107,2
608,108,2
684,109,2
715,110,2
616,111,2
517,112,2
498,113,2
345,114,2
428,115,2
403,116,2
317,117,2
289,118,2
335,119,2
245,120,2
253,121,2
328,122,2
329,123,2
321,124,2
289,125,2
275,126,2
274,127,2
276,128,2
250,129,2
212,130,2
205,131,2
226,132,2
141,133,2
183,134,2
95,135,2
116,136,2
78,137,2
60,138,2
35,139,2
13,140,2
15,141,2
1,142,2
0,143,2
0,0,1
2,1,1
0,2,1
0,3,1
0,4,1
0,5,1
0,6,1
0,7,1
0,8,1
0,9,1
0,10,1
0,11,1
1,12,1
1,13,1
0,14,1
0,15,1
0,16,1
0,17,1
0,18,1
0,19,1
0,20,1
0,21,1
0,22,1
0,23,1
0,24,1
0,25,1
0,26,1
1,27,1
1,28,1
0,29,1
0,30,1
0,31,1
0,32,1
0,33,1
1,34,1
9,35,1
17,36,1
17,37,1
31,38,1
63,39,1
69,40,1
119,41,1
177,42,1
240,43,1
342,44,1
422,45,1
624,46,1
830,47,1
927,48,1
1089,49,1
997,50,1
973,51,1
833,52,1
850,53,1
693,54,1
543,55,1
449,56,1
374,57,1
317,58,1
253,59,1
255,60,1
199,61,1
213,62,1
187,63,1
159,64,1
178,65,1
118,66,1
150,67,1
143,68,1
147,69,1
166,70,1
161,71,1
177,72,1
152,73,1
208,74,1
173,75,1
212,76,1
207,77,1
189,78,1
180,79,1
218,80,1
166,81,1
186,82,1
178,83,1
182,84,1
158,85,1
190,86,1
140,87,1
210,88,1
238,89,1
250,90,1
276,91,1
277,92,1
282,93,1
285,94,1
281,95,1
251,96,1
270,97,1
289,98,1
276,99,1
269,100,1
319,101,1
355,102,1
454,103,1
634,104,1
545,105,1
732,106,1
889,107,1
754,108,1
831,109,1
818,110,1
785,111,1
608,112,1
556,113,1
511,114,1
509,115,1
499,116,1
313,117,1
337,118,1
349,119,1
320,120,1
341,121,1
366,122,1
306,123,1
405,124,1
323,125,1
316,126,1
278,127,1
366,128,1
271,129,1
310,130,1
229,131,1
218,132,1
175,133,1
194,134,1
146,135,1
130,136,1
116,137,1
133,138,1
59,139,1
24,140,1
22,141,1
1,142,1
2,143,1
2,0,1
0,1,1
1,2,1
2,3,1
1,4,1
2,5,1
1,6,1
0,7,1
4,8,1
0,9,1
0,10,1
0,11,1
2,12,1
0,13,1
1,14,1
0,15,1
0,16,1
0,17,1
0,18,1
0,19,1
0,20,1
0,21,1
0,22,1
2,23,1
0,24,1
0,25,1
2,26,1
2,27,1
2,28,1
0,29,1
0,30,1
0,31,1
0,32,1
0,33,1
2,34,1
13,35,1
15,36,1
17,37,1
24,38,1
44,39,1
46,40,1
37,41,1
64,42,1
122,43,1
146,44,1
173,45,1
216,46,1
218,47,1
257,48,1
406,49,1
448,50,1
361,51,1
383,52,1
306,53,1
272,54,1
267,55,1
256,56,1
245,57,1
280,58,1
236,59,1
233,60,1
247,61,1
245,62,1
233,63,1
201,64,1
193,65,1
245,66,1
194,67,1
236,68,1
211,69,1
235,70,1
210,71,1
258,72,1
255,73,1
313,74,1
321,75,1
297,76,1
289,77,1
314,78,1
304,79,1
336,80,1
262,81,1
280,82,1
287,83,1
247,84,1
244,85,1
291,86,1
293,87,1
341,88,1
317,89,1
279,90,1
300,91,1
279,92,1
265,93,1
268,94,1
269,95,1
297,96,1
310,97,1
263,98,1
307,99,1
388,100,1
323,101,1
324,102,1
328,103,1
471,104,1
438,105,1
487,106,1
450,107,1
380,108,1
386,109,1
415,110,1
320,111,1
293,112,1
264,113,1
274,114,1
237,115,1
258,116,1
201,117,1
254,118,1
203,119,1
257,120,1
240,121,1
239,122,1
233,123,1
321,124,1
265,125,1
287,126,1
238,127,1
229,128,1
253,129,1
166,130,1
194,131,1
171,132,1
178,133,1
200,134,1
137,135,1
83,136,1
97,137,1
123,138,1
58,139,1
17,140,1
17,141,1
2,142,1
0,143,1
0,0,1
0,1,1
0,2,1
0,3,1
0,4,1
0,5,1
0,6,1
0,7,1
0,8,1
0,9,1
0,10,1
0,11,1
1,12,1
1,13,1
0,14,1
0,15,1
0,16,1
0,17,1
0,18,1
0,19,1
0,20,1
0,21,1
0,22,1
0,23,1
0,24,1
0,25,1
2,26,1
0,27,1
2,28,1
0,29,1
0,30,1
0,31,1
0,32,1
0,33,1
1,34,1
13,35,1
23,36,1
10,37,1
23,38,1
40,39,1
28,40,1
40,41,1
68,42,1
84,43,1
112,44,1
156,45,1
144,46,1
187,47,1
206,48,1
244,49,1
255,50,1
234,51,1
280,52,1
227,53,1
204,54,1
192,55,1
213,56,1
183,57,1
247,58,1
185,59,1
210,60,1
219,61,1
214,62,1
195,63,1
184,64,1
168,65,1
200,66,1
216,67,1
254,68,1
224,69,1
279,70,1
233,71,1
256,72,1
232,73,1
288,74,1
267,75,1
266,76,1
256,77,1
290,78,1
222,79,1
292,80,1
262,81,1
287,82,1
283,83,1
296,84,1
270,85,1
272,86,1
321,87,1
381,88,1
274,89,1
294,90,1
297,91,1
318,92,1
275,93,1
337,94,1
317,95,1
299,96,1
281,97,1
288,98,1
253,99,1
327,100,1
300,101,1
319,102,1
369,103,1
415,104,1
468,105,1
392,106,1
333,107,1
344,108,1
335,109,1
325,110,1
268,111,1
269,112,1
270,113,1
224,114,1
242,115,1
262,116,1
217,117,1
232,118,1
220,119,1
232,120,1
241,121,1
249,122,1
219,123,1
263,124,1
203,125,1
255,126,1
193,127,1
240,128,1
165,129,1
185,130,1
158,131,1
166,132,1
150,133,1
181,134,1
142,135,1
81,136,1
62,137,1
86,138,1
10,139,1
37,140,1
8,141,1
1,142,1
0,143,1
0,0,1
0,1,1
0,2,1
3,3,1
0,4,1
0,5,1
0,6,1
0,7,1
0,8,1
0,9,1
0,10,1
0,11,1
1,12,1
1,13,1
1,14,1
0,15,1
0,16,1
0,17,1
0,18,1
0,19,1
0,20,1
0,21,1
0,22,1
0,23,1
0,24,1
0,25,1
4,26,1
2,27,1
0,28,1
0,29,1
0,30,1
0,31,1
1,32,1
0,33,1
1,34,1
15,35,1
29,36,1
27,37,1
37,38,1
68,39,1
118,40,1
154,41,1
197,42,1
282,43,1
353,44,1
465,45,1
747,46,1
817,47,1
1118,48,1
1209,49,1
865,50,1
1017,51,1
734,52,1
1080,53,1
650,54,1
588,55,1
426,56,1
383,57,1
321,58,1
278,59,1
225,60,1
230,61,1
198,62,1
140,63,1
167,64,1
151,65,1
168,66,1
161,67,1
141,68,1
162,69,1
150,70,1
163,71,1
177,72,1
162,73,1
168,74,1
183,75,1
168,76,1
178,77,1
151,78,1
193,79,1
204,80,1
149,81,1
157,82,1
176,83,1
137,84,1
161,85,1
137,86,1
164,87,1
131,88,1
176,89,1
178,90,1
178,91,1
211,92,1
191,93,1
225,94,1
184,95,1
215,96,1
205,97,1
182,98,1
207,99,1
242,100,1
268,101,1
301,102,1
423,103,1
562,104,1
531,105,1
618,106,1
719,107,1
663,108,1
712,109,1
704,110,1
680,111,1
595,112,1
525,113,1
421,114,1
446,115,1
335,116,1
306,117,1
261,118,1
275,119,1
327,120,1
289,121,1
281,122,1
227,123,1
230,124,1
262,125,1
253,126,1
242,127,1
257,128,1
234,129,1
206,130,1
170,131,1
175,132,1
127,133,1
158,134,1
114,135,1
113,136,1
83,137,1
76,138,1
27,139,1
25,140,1
16,141,1
1,142,1
1,143,1
1,0,1
1,1,1
1,2,1
0,3,1
0,4,1
0,5,1
0,6,1
0,7,1
0,8,1
0,9,1
0,10,1
0,11,1
0,12,1
2,13,1
0,14,1
0,15,1
0,16,1
0,17,1
0,18,1
0,19,1
0,20,1
0,21,1
0,22,1
0,23,1
0,24,1
0,25,1
0,26,1
1,27,1
1,28,1
0,29,1
0,30,1
0,31,1
0,32,1
0,33,1
0,34,1
15,35,1
29,36,1
26,37,1
33,38,1
61,39,1
98,40,1
132,41,1
174,42,1
231,43,1
341,44,1
476,45,1
640,46,1
779,47,1
1069,48,1
1091,49,1
945,50,1
946,51,1
859,52,1
834,53,1
717,54,1
539,55,1
486,56,1
353,57,1
340,58,1
275,59,1
252,60,1
156,61,1
175,62,1
191,63,1
179,64,1
140,65,1
162,66,1
162,67,1
148,68,1
154,69,1
188,70,1
169,71,1
156,72,1
168,73,1
176,74,1
209,75,1
197,76,1
199,77,1
148,78,1
181,79,1
240,80,1
193,81,1
183,82,1
197,83,1
187,84,1
187,85,1
178,86,1
184,87,1
205,88,1
189,89,1
238,90,1
204,91,1
189,92,1
195,93,1
177,94,1
208,95,1
223,96,1
252,97,1
266,98,1
257,99,1
272,100,1
244,101,1
301,102,1
450,103,1
559,104,1
495,105,1
682,106,1
703,107,1
731,108,1
677,109,1
752,110,1
576,111,1
542,112,1
503,113,1
358,114,1
341,115,1
420,116,1
284,117,1
309,118,1
298,119,1
251,120,1
306,121,1
313,122,1
260,123,1
314,124,1
292,125,1
267,126,1
270,127,1
302,128,1
286,129,1
204,130,1
219,131,1
228,132,1
173,133,1
179,134,1
104,135,1
126,136,1
78,137,1
72,138,1
47,139,1
36,140,1
12,141,1
2,142,1
3,143,1
0,0,2
0,1,2
0,2,2
1,3,2
1,4,2
0,5,2
0,6,2
1,7,2
1,8,2
0,9,2
0,10,2
0,11,2
0,12,2
3,13,2
1,14,2
2,15,2
0,16,2
0,17,2
0,18,2
0,19,2
0,20,2
0,21,2
0,22,2
0,23,2
0,24,2
2,25,2
0,26,2
0,27,2
2,28,2
0,29,2
0,30,2
0,31,2
0,32,2
0,33,2
0,34,2
12,35,2
16,36,2
21,37,2
34,38,2
65,39,2
93,40,2
138,41,2
165,42,2
252,43,2
332,44,2
441,45,2
651,46,2
787,47,2
1035,48,2
1012,49,2
1066,50,2
939,51,2
867,52,2
782,53,2
685,54,2
655,55,2
463,56,2
402,57,2
322,58,2
280,59,2
252,60,2
206,61,2
177,62,2
183,63,2
173,64,2
164,65,2
144,66,2
177,67,2
153,68,2
166,69,2
168,70,2
172,71,2
180,72,2
183,73,2
187,74,2
196,75,2
197,76,2
179,77,2
165,78,2
165,79,2
171,80,2
181,81,2
181,82,2
178,83,2
158,84,2
188,85,2
192,86,2
156,87,2
156,88,2
168,89,2
199,90,2
198,91,2
175,92,2
207,93,2
238,94,2
204,95,2
188,96,2
222,97,2
244,98,2
225,99,2
265,100,2
259,101,2
361,102,2
409,103,2
623,104,2
504,105,2
653,106,2
702,107,2
690,108,2
667,109,2
717,110,2
664,111,2
506,112,2
539,113,2
383,114,2
393,115,2
408,116,2
321,117,2
288,118,2
294,119,2
265,120,2
312,121,2
300,122,2
311,123,2
294,124,2
277,125,2
275,126,2
293,127,2
245,128,2
280,129,2
256,130,2
219,131,2
237,132,2
150,133,2
190,134,2
139,135,2
126,136,2
79,137,2
76,138,2
33,139,2
35,140,2
11,141,2
1,142,2
3,143,2
0,0,2
0,1,2
0,2,2
0,3,2
0,4,2
2,5,2
0,6,2
1,7,2
0,8,2
0,9,2
0,10,2
0,11,2
0,12,2
0,13,2
0,14,2
0,15,2
1,16,2
0,17,2
1,18,2
0,19,2
0,20,2
0,21,2
0,22,2
0,23,2
0,24,2
2,25,2
0,26,2
0,27,2
0,28,2
0,29,2
0,30,2
0,31,2
0,32,2
0,33,2
3,34,2
13,35,2
22,36,2
19,37,2
29,38,2
64,39,2
81,40,2
129,41,2
175,42,2
239,43,2
312,44,2
438,45,2
625,46,2
859,47,2
927,48,2
1080,49,2
929,50,2
953,51,2
920,52,2
804,53,2
556,54,2
679,55,2
492,56,2
389,57,2
352,58,2
290,59,2
241,60,2
193,61,2
239,62,2
169,63,2
159,64,2
149,65,2
152,66,2
173,67,2
128,68,2
207,69,2
168,70,2
161,71,2
164,72,2
161,73,2
209,74,2
201,75,2
228,76,2
204,77,2
179,78,2
201,79,2
184,80,2
189,81,2
205,82,2
168,83,2
157,84,2
157,85,2
209,86,2
176,87,2
143,88,2
209,89,2
200,90,2
198,91,2
198,92,2
234,93,2
217,94,2
173,95,2
216,96,2
223,97,2
247,98,2
279,99,2
279,100,2
261,101,2
335,102,2
414,103,2
656,104,2
448,105,2
672,106,2
710,107,2
734,108,2
697,109,2
750,110,2
627,111,2
520,112,2
487,113,2
364,114,2
355,115,2
376,116,2
294,117,2
274,118,2
305,119,2
272,120,2
345,121,2
337,122,2
277,123,2
296,124,2
286,125,2
310,126,2
263,127,2
301,128,2
281,129,2
259,130,2
204,131,2
210,132,2
129,133,2
195,134,2
130,135,2
143,136,2
106,137,2
70,138,2
30,139,2
34,140,2
12,141,2
1,142,2
0,143,2
6,0,1
4,1,1
0,2,1
1,3,1
2,4,1
0,5,1
2,6,1
0,7,1
1,8,1
0,9,1
0,10,1
0,11,1
0,12,1
1,13,1
2,14,1
0,15,1
0,16,1
0,17,1
4,18,1
2,19,1
0,20,1
0,21,1
0,22,1
0,23,1
0,24,1
0,25,1
3,26,1
0,27,1
2,28,1
0,29,1
0,30,1
0,31,1
0,32,1
0,33,1
1,34,1
9,35,1
28,36,1
24,37,1
37,38,1
73,39,1
83,40,1
130,41,1
173,42,1
226,43,1
301,44,1
451,45,1
634,46,1
804,47,1
930,48,1
1104,49,1
860,50,1
1022,51,1
882,52,1
848,53,1
689,54,1
576,55,1
467,56,1
393,57,1
370,58,1
304,59,1
270,60,1
206,61,1
232,62,1
205,63,1
188,64,1
145,65,1
147,66,1
170,67,1
172,68,1
191,69,1
162,70,1
191,71,1
167,72,1
212,73,1
171,74,1
224,75,1
198,76,1
222,77,1
210,78,1
192,79,1
188,80,1
184,81,1
212,82,1
178,83,1
202,84,1
209,85,1
207,86,1
192,87,1
191,88,1
300,89,1
253,90,1
299,91,1
233,92,1
247,93,1
264,94,1
251,95,1
244,96,1
231,97,1
263,98,1
294,99,1
283,100,1
274,101,1
402,102,1
491,103,1
597,104,1
614,105,1
725,106,1
776,107,1
774,108,1
767,109,1
811,110,1
737,111,1
648,112,1
570,113,1
501,114,1
502,115,1
419,116,1
343,117,1
342,118,1
308,119,1
334,120,1
349,121,1
390,122,1
302,123,1
339,124,1
351,125,1
281,126,1
318,127,1
320,128,1
309,129,1
252,130,1
224,131,1
241,132,1
199,133,1
233,134,1
211,135,1
124,136,1
121,137,1
119,138,1
49,139,1
27,140,1
14,141,1
1,142,1
2,143,1
0,0,1
0,1,1
0,2,1
1,3,1
1,4,1
0,5,1
0,6,1
0,7,1
0,8,1
0,9,1
0,10,1
0,11,1
0,12,1
1,13,1
1,14,1
0,15,1
0,16,1
0,17,1
0,18,1
0,19,1
0,20,1
0,21,1
0,22,1
0,23,1
0,24,1
1,25,1
2,26,1
1,27,1
0,28,1
0,29,1
0,30,1
0,31,1
0,32,1
0,33,1
0,34,1
12,35,1
22,36,1
33,37,1
37,38,1
51,39,1
57,40,1
54,41,1
89,42,1
106,43,1
152,44,1
179,45,1
223,46,1
238,47,1
254,48,1
366,49,1
380,50,1
416,51,1
412,52,1
291,53,1
283,54,1
265,55,1
258,56,1
255,57,1
324,58,1
242,59,1
278,60,1
235,61,1
267,62,1
216,63,1
266,64,1
182,65,1
201,66,1
267,67,1
212,68,1
222,69,1
271,70,1
284,71,1
274,72,1
233,73,1
279,74,1
338,75,1
343,76,1
298,77,1
302,78,1
294,79,1
280,80,1
286,81,1
283,82,1
269,83,1
270,84,1
269,85,1
275,86,1
251,87,1
358,88,1
277,89,1
265,90,1
268,91,1
322,92,1
293,93,1
329,94,1
285,95,1
299,96,1
320,97,1
298,98,1
296,99,1
322,100,1
370,101,1
310,102,1
451,103,1
392,104,1
450,105,1
433,106,1
431,107,1
396,108,1
367,109,1
387,110,1
343,111,1
300,112,1
273,113,1
284,114,1
232,115,1
258,116,1
222,117,1
211,118,1
224,119,1
255,120,1
242,121,1
234,122,1
247,123,1
279,124,1
257,125,1
249,126,1
272,127,1
296,128,1
276,129,1
253,130,1
252,131,1
201,132,1
179,133,1
240,134,1
232,135,1
136,136,1
101,137,1
124,138,1
25,139,1
45,140,1
26,141,1
1,142,1
0,143,1
0,0,1
0,1,1
0,2,1
1,3,1
1,4,1
0,5,1
0,6,1
0,7,1
0,8,1
0,9,1
0,10,1
0,11,1
0,12,1
0,13,1
0,14,1
0,15,1
0,16,1
0,17,1
0,18,1
0,19,1
0,20,1
0,21,1
0,22,1
0,23,1
0,24,1
0,25,1
2,26,1
0,27,1
2,28,1
0,29,1
0,30,1
0,31,1
0,32,1
1,33,1
0,34,1
16,35,1
18,36,1
17,37,1
16,38,1
42,39,1
35,40,1
66,41,1
67,42,1
106,43,1
104,44,1
122,45,1
180,46,1
157,47,1
190,48,1
217,49,1
235,50,1
262,51,1
268,52,1
190,53,1
214,54,1
181,55,1
189,56,1
212,57,1
223,58,1
217,59,1
243,60,1
195,61,1
223,62,1
209,63,1
184,64,1
227,65,1
190,66,1
233,67,1
266,68,1
240,69,1
294,70,1
227,71,1
234,72,1
244,73,1
284,74,1
239,75,1
292,76,1
282,77,1
292,78,1
284,79,1
261,80,1
259,81,1
274,82,1
240,83,1
295,84,1
290,85,1
286,86,1
291,87,1
329,88,1
282,89,1
322,90,1
270,91,1
282,92,1
270,93,1
362,94,1
301,95,1
293,96,1
314,97,1
294,98,1
348,99,1
282,100,1
363,101,1
346,102,1
340,103,1
296,104,1
414,105,1
378,106,1
325,107,1
357,108,1
393,109,1
367,110,1
302,111,1
277,112,1
237,113,1
247,114,1
217,115,1
242,116,1
233,117,1
238,118,1
253,119,1
264,120,1
243,121,1
268,122,1
246,123,1
281,124,1
288,125,1
272,126,1
266,127,1
244,128,1
220,129,1
178,130,1
193,131,1
168,132,1
143,133,1
131,134,1
120,135,1
121,136,1
87,137,1
100,138,1
29,139,1
21,140,1
13,141,1
1,142,1
2,143,1
7,0,1
4,1,1
5,2,1
1,3,1
0,4,1
0,5,1
6,6,1
0,7,1
0,8,1
0,9,1
0,10,1
0,11,1
0,12,1
0,13,1
0,14,1
0,15,1
0,16,1
0,17,1
0,18,1
0,19,1
0,20,1
0,21,1
0,22,1
0,23,1
0,24,1
0,25,1
0,26,1
2,27,1
2,28,1
1,29,1
1,30,1
0,31,1
0,32,1
2,33,1
2,34,1
17,35,1
18,36,1
35,37,1
45,38,1
54,39,1
96,40,1
135,41,1
214,42,1
252,43,1
377,44,1
450,45,1
711,46,1
826,47,1
1122,48,1
1156,49,1
986,50,1
1023,51,1
767,52,1
988,53,1
589,54,1
716,55,1
455,56,1
400,57,1
339,58,1
270,59,1
250,60,1
183,61,1
185,62,1
222,63,1
191,64,1
166,65,1
169,66,1
161,67,1
161,68,1
179,69,1
160,70,1
167,71,1
187,72,1
190,73,1
182,74,1
241,75,1
170,76,1
231,77,1
194,78,1
207,79,1
219,80,1
200,81,1
207,82,1
220,83,1
198,84,1
170,85,1
165,86,1
218,87,1
193,88,1
184,89,1
201,90,1
211,91,1
179,92,1
237,93,1
242,94,1
232,95,1
232,96,1
189,97,1
234,98,1
257,99,1
263,100,1
289,101,1
265,102,1
460,103,1
564,104,1
491,105,1
678,106,1
741,107,1
686,108,1
697,109,1
776,110,1
663,111,1
541,112,1
528,113,1
376,114,1
418,115,1
391,116,1
328,117,1
276,118,1
238,119,1
273,120,1
285,121,1
312,122,1
277,123,1
277,124,1
270,125,1
262,126,1
286,127,1
272,128,1
236,129,1
200,130,1
177,131,1
185,132,1
143,133,1
149,134,1
93,135,1
101,136,1
54,137,1
95,138,1
31,139,1
18,140,1
14,141,1
1,142,1
5,143,1
5,0,1
0,1,1
0,2,1
2,3,1
1,4,1
1,5,1
2,6,1
1,7,1
3,8,1
1,9,1
0,10,1
0,11,1
0,12,1
3,13,1
1,14,1
2,15,1
2,16,1
0,17,1
0,18,1
0,19,1
0,20,1
0,21,1
0,22,1
0,23,1
2,24,1
0,25,1
2,26,1
0,27,1
2,28,1
0,29,1
0,30,1
0,31,1
0,32,1
0,33,1
1,34,1
12,35,1
24,36,1
27,37,1
41,38,1
58,39,1
99,40,1
141,41,1
181,42,1
254,43,1
307,44,1
425,45,1
703,46,1
781,47,1
1049,48,1
1028,49,1
979,50,1
983,51,1
901,52,1
792,53,1
687,54,1
603,55,1
424,56,1
413,57,1
334,58,1
294,59,1
238,60,1
172,61,1
188,62,1
180,63,1
178,64,1
173,65,1
157,66,1
166,67,1
165,68,1
151,69,1
160,70,1
151,71,1
162,72,1
179,73,1
172,74,1
187,75,1
196,76,1
180,77,1
206,78,1
180,79,1
182,80,1
186,81,1
204,82,1
165,83,1
153,84,1
182,85,1
157,86,1
165,87,1
150,88,1
181,89,1
213,90,1
156,91,1
160,92,1
175,93,1
191,94,1
177,95,1
173,96,1
228,97,1
258,98,1
271,99,1
283,100,1
308,101,1
317,102,1
399,103,1
475,104,1
478,105,1
693,106,1
655,107,1
714,108,1
654,109,1
680,110,1
586,111,1
578,112,1
522,113,1
425,114,1
369,115,1
385,116,1
295,117,1
314,118,1
299,119,1
283,120,1
331,121,1
228,122,1
315,123,1
289,124,1
296,125,1
273,126,1
278,127,1
269,128,1
249,129,1
264,130,1
222,131,1
200,132,1
152,133,1
191,134,1
119,135,1
112,136,1
80,137,1
96,138,1
35,139,1
28,140,1
16,141,1
4,142,1
2,143,1
7,0,2
3,1,2
1,2,2
0,3,2
0,4,2
0,5,2
0,6,2
0,7,2
1,8,2
1,9,2
0,10,2
0,11,2
2,12,2
0,13,2
0,14,2
0,15,2
0,16,2
0,17,2
0,18,2
0,19,2
0,20,2
0,21,2
0,22,2
0,23,2
0,24,2
2,25,2
2,26,2
0,27,2
2,28,2
0,29,2
0,30,2
0,31,2
0,32,2
0,33,2
1,34,2
19,35,2
26,36,2
19,37,2
32,38,2
65,39,2
103,40,2
136,41,2
188,42,2
263,43,2
332,44,2
489,45,2
669,46,2
798,47,2
1061,48,2
1072,49,2
932,50,2
1051,51,2
789,52,2
801,53,2
645,54,2
517,55,2
459,56,2
389,57,2
322,58,2
298,59,2
240,60,2
189,61,2
201,62,2
175,63,2
228,64,2
164,65,2
138,66,2
184,67,2
154,68,2
164,69,2
183,70,2
149,71,2
201,72,2
180,73,2
205,74,2
198,75,2
205,76,2
217,77,2
203,78,2
193,79,2
200,80,2
183,81,2
208,82,2
171,83,2
184,84,2
183,85,2
204,86,2
200,87,2
188,88,2
196,89,2
206,90,2
184,91,2
180,92,2
215,93,2
203,94,2
205,95,2
218,96,2
223,97,2
272,98,2
248,99,2
299,100,2
276,101,2
282,102,2
448,103,2
580,104,2
604,105,2
645,106,2
688,107,2
690,108,2
725,109,2
750,110,2
668,111,2
554,112,2
506,113,2
428,114,2
423,115,2
346,116,2
298,117,2
295,118,2
320,119,2
264,120,2
320,121,2
323,122,2
328,123,2
323,124,2
303,125,2
278,126,2
313,127,2
295,128,2
241,129,2
264,130,2
230,131,2
206,132,2
150,133,2
161,134,2
106,135,2
121,136,2
105,137,2
87,138,2
54,139,2
24,140,2
6,141,2
3,142,2
2,143,2
0,0,2
0,1,2
0,2,2
2,3,2
0,4,2
0,5,2
1,6,2
0,7,2
0,8,2
0,9,2
0,10,2
0,11,2
0,12,2
0,13,2
0,14,2
1,15,2
0,16,2
0,17,2
0,18,2
0,19,2
0,20,2
0,21,2
0,22,2
0,23,2
0,24,2
0,25,2
0,26,2
0,27,2
0,28,2
4,29,2
2,30,2
0,31,2
0,32,2
0,33,2
0,34,2
22,35,2
33,36,2
22,37,2
44,38,2
68,39,2
97,40,2
144,41,2
168,42,2
267,43,2
335,44,2
440,45,2
640,46,2
766,47,2
994,48,2
1146,49,2
959,50,2
782,51,2
1008,52,2
836,53,2
599,54,2
571,55,2
414,56,2
393,57,2
298,58,2
239,59,2
250,60,2
202,61,2
229,62,2
212,63,2
194,64,2
174,65,2
165,66,2
162,67,2
184,68,2
175,69,2
199,70,2
183,71,2
186,72,2
221,73,2
243,74,2
191,75,2
201,76,2
208,77,2
236,78,2
262,79,2
187,80,2
214,81,2
210,82,2
198,83,2
213,84,2
185,85,2
194,86,2
181,87,2
231,88,2
204,89,2
184,90,2
223,91,2
212,92,2
215,93,2
225,94,2
246,95,2
215,96,2
245,97,2
279,98,2
248,99,2
247,100,2
300,101,2
329,102,2
477,103,2
518,104,2
466,105,2
654,106,2
702,107,2
680,108,2
749,109,2
699,110,2
627,111,2
572,112,2
456,113,2
419,114,2
354,115,2
402,116,2
319,117,2
303,118,2
324,119,2
293,120,2
314,121,2
337,122,2
346,123,2
321,124,2
346,125,2
329,126,2
326,127,2
321,128,2
285,129,2
240,130,2
262,131,2
201,132,2
213,133,2
240,134,2
156,135,2
97,136,2
67,137,2
88,138,2
56,139,2
15,140,2
15,141,2
3,142,2
0,143,2
1,0,1
1,1,1
2,2,1
1,3,1
1,4,1
0,5,1
0,6,1
0,7,1
0,8,1
0,9,1
0,10,1
0,11,1
0,12,1
2,13,1
0,14,1
0,15,1
0,16,1
0,17,1
0,18,1
0,19,1
0,20,1
0,21,1
0,22,1
0,23,1
0,24,1
0,25,1
2,26,1
2,27,1
0,28,1
0,29,1
0,30,1
0,31,1
0,32,1
0,33,1
0,34,1
19,35,1
23,36,1
29,37,1
30,38,1
65,39,1
86,40,1
147,41,1
172,42,1
289,43,1
275,44,1
428,45,1
654,46,1
801,47,1
978,48,1
1093,49,1
948,50,1
935,51,1
887,52,1
768,53,1
687,54,1
499,55,1
445,56,1
401,57,1
320,58,1
253,59,1
265,60,1
222,61,1
207,62,1
206,63,1
207,64,1
173,65,1
172,66,1
186,67,1
174,68,1
222,69,1
218,70,1
180,71,1
210,72,1
207,73,1
197,74,1
201,75,1
216,76,1
190,77,1
229,78,1
207,79,1
216,80,1
214,81,1
197,82,1
210,83,1
191,84,1
215,85,1
221,86,1
201,87,1
240,88,1
219,89,1
253,90,1
263,91,1
251,92,1
239,93,1
223,94,1
272,95,1
226,96,1
245,97,1
322,98,1
352,99,1
317,100,1
303,101,1
336,102,1
451,103,1
577,104,1
524,105,1
736,106,1
751,107,1
740,108,1
810,109,1
825,110,1
689,111,1
696,112,1
560,113,1
436,114,1
428,115,1
442,116,1
346,117,1
312,118,1
359,119,1
339,120,1
317,121,1
355,122,1
308,123,1
296,124,1
381,125,1
301,126,1
313,127,1
330,128,1
321,129,1
275,130,1
281,131,1
246,132,1
178,133,1
297,134,1
176,135,1
176,136,1
125,137,1
121,138,1
41,139,1
83,140,1
9,141,1
4,142,1
0,143,1
0,0,1
7,1,1
2,2,1
0,3,1
0,4,1
0,5,1
3,6,1
0,7,1
0,8,1
1,9,1
1,10,1
0,11,1
1,12,1
0,13,1
3,14,1
0,15,1
0,16,1
1,17,1
0,18,1
0,19,1
0,20,1
0,21,1
0,22,1
0,23,1
0,24,1
0,25,1
2,26,1
0,27,1
2,28,1
0,29,1
0,30,1
0,31,1
0,32,1
0,33,1
1,34,1
18,35,1
20,36,1
33,37,1
24,38,1
42,39,1
44,40,1
60,41,1
83,42,1
80,43,1
138,44,1
152,45,1
204,46,1
191,47,1
208,48,1
298,49,1
336,50,1
370,51,1
375,52,1
275,53,1
344,54,1
251,55,1
305,56,1
229,57,1
263,58,1
261,59,1
243,60,1
204,61,1
234,62,1
231,63,1
219,64,1
208,65,1
225,66,1
237,67,1
221,68,1
211,69,1
237,70,1
181,71,1
263,72,1
246,73,1
259,74,1
251,75,1
337,76,1
286,77,1
251,78,1
240,79,1
278,80,1
275,81,1
307,82,1
252,83,1
246,84,1
286,85,1
321,86,1
237,87,1
293,88,1
225,89,1
274,90,1
286,91,1
299,92,1
259,93,1
254,94,1
282,95,1
284,96,1
265,97,1
248,98,1
267,99,1
252,100,1
314,101,1
349,102,1
374,103,1
373,104,1
402,105,1
421,106,1
313,107,1
357,108,1
321,109,1
369,110,1
295,111,1
346,112,1
263,113,1
301,114,1
188,115,1
263,116,1
189,117,1
232,118,1
215,119,1
236,120,1
230,121,1
244,122,1
246,123,1
226,124,1
255,125,1
271,126,1
291,127,1
268,128,1
242,129,1
234,130,1
259,131,1
225,132,1
157,133,1
207,134,1
248,135,1
104,136,1
74,137,1
107,138,1
49,139,1
30,140,1
9,141,1
1,142,1
0,143,1
0,0,1
1,1,1
0,2,1
1,3,1
0,4,1
1,5,1
0,6,1
0,7,1
0,8,1
0,9,1
0,10,1
0,11,1
2,12,1
0,13,1
0,14,1
0,15,1
0,16,1
0,17,1
0,18,1
0,19,1
0,20,1
0,21,1
0,22,1
0,23,1
0,24,1
1,25,1
3,26,1
0,27,1
2,28,1
0,29,1
0,30,1
0,31,1
0,32,1
0,33,1
1,34,1
12,35,1
14,36,1
20,37,1
19,38,1
39,39,1
39,40,1
64,41,1
70,42,1
74,43,1
80,44,1
90,45,1
139,46,1
135,47,1
162,48,1
175,49,1
236,50,1
205,51,1
261,52,1
195,53,1
212,54,1
191,55,1
205,56,1
184,57,1
226,58,1
198,59,1
190,60,1
196,61,1
192,62,1
199,63,1
192,64,1
197,65,1
229,66,1
201,67,1
208,68,1
201,69,1
262,70,1
228,71,1
224,72,1
217,73,1
238,74,1
221,75,1
223,76,1
257,77,1
297,78,1
232,79,1
295,80,1
258,81,1
298,82,1
255,83,1
281,84,1
280,85,1
303,86,1
297,87,1
366,88,1
289,89,1
313,90,1
223,91,1
292,92,1
244,93,1
312,94,1
274,95,1
276,96,1
318,97,1
333,98,1
290,99,1
295,100,1
307,101,1
303,102,1
332,103,1
407,104,1
266,105,1
367,106,1
330,107,1
356,108,1
292,109,1
373,110,1
303,111,1
271,112,1
236,113,1
270,114,1
220,115,1
217,116,1
198,117,1
239,118,1
241,119,1
262,120,1
242,121,1
297,122,1
259,123,1
235,124,1
206,125,1
251,126,1
259,127,1
259,128,1
279,129,1
181,130,1
233,131,1
158,132,1
125,133,1
187,134,1
172,135,1
107,136,1
63,137,1
105,138,1
40,139,1
28,140,1
8,141,1
1,142,1
0,143,1
0,0,1
0,1,1
0,2,1
2,3,1
0,4,1
0,5,1
0,6,1
0,7,1
0,8,1
0,9,1
2,10,1
0,11,1
0,12,1
0,13,1
0,14,1
0,15,1
0,16,1
0,17,1
0,18,1
0,19,1
0,20,1
0,21,1
0,22,1
0,23,1
0,24,1
0,25,1
2,26,1
2,27,1
0,28,1
0,29,1
0,30,1
0,31,1
0,32,1
0,33,1
1,34,1
22,35,1
26,36,1
32,37,1
35,38,1
65,39,1
101,40,1
123,41,1
164,42,1
203,43,1
322,44,1
468,45,1
704,46,1
858,47,1
1063,48,1
1162,49,1
936,50,1
982,51,1
873,52,1
779,53,1
684,54,1
605,55,1
463,56,1
370,57,1
314,58,1
286,59,1
208,60,1
212,61,1
190,62,1
194,63,1
193,64,1
168,65,1
155,66,1
180,67,1
190,68,1
190,69,1
203,70,1
186,71,1
187,72,1
217,73,1
238,74,1
234,75,1
244,76,1
234,77,1
254,78,1
222,79,1
219,80,1
228,81,1
203,82,1
192,83,1
190,84,1
210,85,1
206,86,1
173,87,1
198,88,1
197,89,1
193,90,1
180,91,1
208,92,1
220,93,1
174,94,1
210,95,1
189,96,1
252,97,1
208,98,1
242,99,1
263,100,1
271,101,1
305,102,1
424,103,1
534,104,1
415,105,1
700,106,1
710,107,1
655,108,1
707,109,1
757,110,1
606,111,1
552,112,1
499,113,1
415,114,1
364,115,1
409,116,1
315,117,1
296,118,1
330,119,1
298,120,1
315,121,1
317,122,1
271,123,1
265,124,1
273,125,1
277,126,1
272,127,1
303,128,1
264,129,1
195,130,1
195,131,1
178,132,1
139,133,1
211,134,1
93,135,1
150,136,1
114,137,1
91,138,1
39,139,1
51,140,1
13,141,1
3,142,1
0,143,1
2,0,1
1,1,1
0,2,1
0,3,1
0,4,1
0,5,1
0,6,1
0,7,1
0,8,1
0,9,1
0,10,1
0,11,1
0,12,1
5,13,1
3,14,1
0,15,1
0,16,1
0,17,1
0,18,1
2,19,1
2,20,1
0,21,1
0,22,1
0,23,1
1,24,1
1,25,1
0,26,1
2,27,1
2,28,1
0,29,1
0,30,1
0,31,1
0,32,1
0,33,1
0,34,1
17,35,1
22,36,1
25,37,1
29,38,1
76,39,1
72,40,1
124,41,1
139,42,1
192,43,1
292,44,1
380,45,1
676,46,1
755,47,1
1065,48,1
1111,49,1
908,50,1
988,51,1
937,52,1
715,53,1
653,54,1
638,55,1
422,56,1
389,57,1
326,58,1
310,59,1
204,60,1
254,61,1
205,62,1
259,63,1
191,64,1
174,65,1
201,66,1
148,67,1
156,68,1
212,69,1
168,70,1
258,71,1
239,72,1
201,73,1
229,74,1
216,75,1
212,76,1
248,77,1
210,78,1
276,79,1
238,80,1
214,81,1
217,82,1
181,83,1
214,84,1
221,85,1
182,86,1
205,87,1
181,88,1
206,89,1
197,90,1
214,91,1
214,92,1
218,93,1
192,94,1
197,95,1
214,96,1
261,97,1
226,98,1
275,99,1
281,100,1
340,101,1
365,102,1
454,103,1
567,104,1
521,105,1
660,106,1
669,107,1
725,108,1
693,109,1
779,110,1
609,111,1
582,112,1
482,113,1
380,114,1
384,115,1
381,116,1
305,117,1
292,118,1
317,119,1
274,120,1
301,121,1
334,122,1
296,123,1
301,124,1
295,125,1
259,126,1
290,127,1
320,128,1
264,129,1
263,130,1
227,131,1
224,132,1
201,133,1
227,134,1
148,135,1
115,136,1
84,137,1
79,138,1
36,139,1
54,140,1
13,141,1
6,142,1
4,143,1
1,0,2
0,1,2
0,2,2
2,3,2
0,4,2
0,5,2
2,6,2
0,7,2
3,8,2
6,9,2
2,10,2
0,11,2
2,12,2
0,13,2
0,14,2
0,15,2
0,16,2
0,17,2
2,18,2
1,19,2
0,20,2
0,21,2
0,22,2
0,23,2
0,24,2
2,25,2
0,26,2
2,27,2
2,28,2
0,29,2
0,30,2
0,31,2
0,32,2
0,33,2
0,34,2
15,35,2
23,36,2
26,37,2
35,38,2
56,39,2
76,40,2
98,41,2
159,42,2
223,43,2
293,44,2
414,45,2
532,46,2
774,47,2
962,48,2
1240,49,2
863,50,2
957,51,2
802,52,2
804,53,2
652,54,2
630,55,2
488,56,2
380,57,2
357,58,2
286,59,2
254,60,2
236,61,2
214,62,2
217,63,2
206,64,2
176,65,2
161,66,2
235,67,2
192,68,2
210,69,2
195,70,2
198,71,2
239,72,2
187,73,2
246,74,2
232,75,2
226,76,2
266,77,2
221,78,2
202,79,2
213,80,2
224,81,2
208,82,2
197,83,2
222,84,2
189,85,2
207,86,2
180,87,2
204,88,2
203,89,2
243,90,2
193,91,2
200,92,2
223,93,2
204,94,2
192,95,2
188,96,2
247,97,2
254,98,2
236,99,2
296,100,2
290,101,2
355,102,2
461,103,2
593,104,2
491,105,2
658,106,2
729,107,2
694,108,2
723,109,2
717,110,2
600,111,2
563,112,2
542,113,2
438,114,2
424,115,2
356,116,2
311,117,2
307,118,2
279,119,2
327,120,2
319,121,2
305,122,2
311,123,2
317,124,2
319,125,2
257,126,2
327,127,2
308,128,2
338,129,2
273,130,2
220,131,2
213,132,2
213,133,2
214,134,2
145,135,2
166,136,2
83,137,2
76,138,2
46,139,2
65,140,2
23,141,2
10,142,2
1,143,2
1,0,2
0,1,2
0,2,2
2,3,2
0,4,2
0,5,2
2,6,2
0,7,2
3,8,2
6,9,2
2,10,2
0,11,2
2,12,2
0,13,2
0,14,2
0,15,2
0,16,2
0,17,2
2,18,2
1,19,2
0,20,2
0,21,2
0,22,2
0,23,2
0,24,2
2,25,2
0,26,2
2,27,2
2,28,2
0,29,2
0,30,2
0,31,2
0,32,2
0,33,2
0,34,2
15,35,2
23,36,2
26,37,2
35,38,2
56,39,2
76,40,2
98,41,2
159,42,2
223,43,2
293,44,2
414,45,2
532,46,2
774,47,2
962,48,2
1240,49,2
863,50,2
957,51,2
802,52,2
804,53,2
652,54,2
630,55,2
488,56,2
380,57,2
357,58,2
286,59,2
254,60,2
236,61,2
214,62,2
217,63,2
206,64,2
176,65,2
161,66,2
235,67,2
192,68,2
210,69,2
195,70,2
198,71,2
239,72,2
187,73,2
246,74,2
232,75,2
226,76,2
266,77,2
221,78,2
202,79,2
213,80,2
224,81,2
208,82,2
197,83,2
222,84,2
189,85,2
207,86,2
180,87,2
204,88,2
203,89,2
243,90,2
193,91,2
200,92,2
223,93,2
204,94,2
192,95,2
188,96,2
247,97,2
254,98,2
236,99,2
296,100,2
290,101,2
355,102,2
461,103,2
593,104,2
491,105,2
658,106,2
729,107,2
694,108,2
723,109,2
717,110,2
600,111,2
563,112,2
542,113,2
438,114,2
424,115,2
356,116,2
311,117,2
307,118,2
279,119,2
327,120,2
319,121,2
305,122,2
311,123,2
317,124,2
319,125,2
257,126,2
327,127,2
308,128,2
338,129,2
273,130,2
220,131,2
213,132,2
213,133,2
214,134,2
145,135,2
166,136,2
83,137,2
76,138,2
46,139,2
65,140,2
23,141,2
10,142,2
1,143,2
1,0,1
2,1,1
0,2,1
0,3,1
0,4,1
2,5,1
0,6,1
0,7,1
0,8,1
0,9,1
0,10,1
0,11,1
1,12,1
1,13,1
0,14,1
0,15,1
0,16,1
0,17,1
0,18,1
0,19,1
0,20,1
0,21,1
0,22,1
0,23,1
0,24,1
2,25,1
0,26,1
3,27,1
0,28,1
3,29,1
0,30,1
0,31,1
0,32,1
0,33,1
2,34,1
18,35,1
22,36,1
12,37,1
37,38,1
57,39,1
74,40,1
94,41,1
143,42,1
197,43,1
272,44,1
397,45,1
632,46,1
708,47,1
1003,48,1
1040,49,1
885,50,1
936,51,1
819,52,1
773,53,1
683,54,1
595,55,1
362,56,1
407,57,1
359,58,1
296,59,1
307,60,1
250,61,1
226,62,1
214,63,1
241,64,1
217,65,1
163,66,1
256,67,1
223,68,1
201,69,1
271,70,1
228,71,1
241,72,1
226,73,1
244,74,1
268,75,1
234,76,1
262,77,1
243,78,1
261,79,1
231,80,1
262,81,1
236,82,1
223,83,1
221,84,1
237,85,1
240,86,1
207,87,1
236,88,1
257,89,1
233,90,1
212,91,1
258,92,1
210,93,1
236,94,1
246,95,1
223,96,1
282,97,1
284,98,1
277,99,1
269,100,1
317,101,1
376,102,1
472,103,1
547,104,1
577,105,1
694,106,1
784,107,1
730,108,1
707,109,1
768,110,1
645,111,1
549,112,1
533,113,1
401,114,1
378,115,1
368,116,1
288,117,1
289,118,1
311,119,1
322,120,1
361,121,1
320,122,1
319,123,1
386,124,1
370,125,1
305,126,1
371,127,1
309,128,1
349,129,1
263,130,1
277,131,1
298,132,1
230,133,1
244,134,1
180,135,1
194,136,1
149,137,1
82,138,1
79,139,1
54,140,1
9,141,1
36,142,1
2,143,1
